,CODIGO,DISTRITO,DEPARTAMENTO,MUNICIPIO,ESTABLECIMIENTO,DIRECCION,TELEFONO,SUPERVISOR,DIRECTOR,NIVEL,SECTOR,AREA,STATUS,MODALIDAD,JORNADA,PLAN,DEPARTAMENTAL,ZONA
0,16-01-0138-46,16-031,ALTA VERAPAZ,COBAN,COLEGIO COBAN,KM.2 SALIDA A SAN JUAN CHAMELCO ZONA 8,77945104,MERCEDES JOSEFINA TORRES GALVEZ,JULIO CESAR VILLELA AMADO,DIVERSIFICADO,PRIVADO,URBANA,ABIERTA,MONOLINGUE,MATUTINA,DIARIO(REGULAR),ALTA VERAPAZ,
1,16-01-0139-46,16-031,ALTA VERAPAZ,COBAN,COLEGIO PARTICULAR MIXTO VERAPAZ,KM 209.5 ENTRADA A LA CIUDAD,77367402,MERCEDES JOSEFINA TORRES GALVEZ,,DIVERSIFICADO,PRIVADO,URBANA,ABIERTA,MONOLINGUE,MATUTINA,DIARIO(REGULAR),ALTA VERAPAZ,
2,16-01-0140-46,16-031,ALTA VERAPAZ,COBAN,"COLEGIO ""LA INMACULADA""",7A. AVENIDA 11-109 ZONA 6,78232301,MERCEDES JOSEFINA TORRES GALVEZ,VIRGINA SOLANO SERRANO,DIVERSIFICADO,PRIVADO,URBANA,ABIERTA,MONOLINGUE,MATUTINA,DIARIO(REGULAR),ALTA VERAPAZ,
3,16-01-0141-46,16-005,ALTA VERAPAZ,COBAN,ESCUELA NACIONAL DE CIENCIAS COMERCIALES,2A CALLE 11-10 ZONA 2,79514215,RUDY ADOLFO TOT OCH,,DIVERSIFICADO,OFICIAL,URBANA,ABIERTA,MONOLINGUE,MATUTINA,DIARIO(REGULAR),ALTA VERAPAZ,
4,16-01-0142-46,16-005,ALTA VERAPAZ,COBAN,INSTITUTO NORMAL MIXTO DEL NORTE 'EMILIO ROSALES PONCE',3A AVE 6-23 ZONA 11,79521468,RUDY ADOLFO TOT OCH,,DIVERSIFICADO,OFICIAL,URBANA,ABIERTA,BILINGUE,VESPERTINA,DIARIO(REGULAR),ALTA VERAPAZ,
5,16-01-0143-46,16-031,ALTA VERAPAZ,COBAN,COLEGIO PARTICULAR MIXTO IMPERIAL,5A. CALLE 1-9 ZONA 3,57101061,MERCEDES JOSEFINA TORRES GALVEZ,HECOTR WALDEMAR TOT COY,DIVERSIFICADO,PRIVADO,URBANA,ABIERTA,MONOLINGUE,DOBLE,FIN DE SEMANA,ALTA VERAPAZ,
6,16-01-0145-46,16-006,ALTA VERAPAZ,COBAN,INSTITUTO DE TURSMO Y AVIACON DEL NORTE I.T.A.N,3 AV. 5-28 ZONA 4,54641454,EFRAIN CAAL CUC,LUIS FERNANDO SOTO,DIVERSIFICADO,PRIVADO,URBANA,CERRADA TEMPORALMENTE,MONOLINGUE,MATUTINA,DIARIO(REGULAR),ALTA VERAPAZ,
7,16-01-0147-46,16-031,ALTA VERAPAZ,COBAN,"COLEGIO ""LA INMACULADA""",7A. CALLE 11-09 ZONA 6 COBAN,49532425,MERCEDES JOSEFINA TORRES GALVEZ,MERCEDES QUIROS QUIROS,DIVERSIFICADO,PRIVADO,RURAL,CERRADA TEMPORALMENTE,MONOLINGUE,DOBLE,DIARIO(REGULAR),ALTA VERAPAZ,
8,16-01-0150-46,16-006,ALTA VERAPAZ,COBAN,INSTITUTO INTERCULTRUAL ALTAVERAPACENCESE -IIAV-,3A. AVAENIDA 1-23 ZONA 4,,EFRAIN CAAL CUC,GUILLERMO ESTUARDO VASQUEZ MORALES,DIVERSIFICADO,PRIVADO,URBANA,CERRADA TEMPORALMENTE,BILINGUE,DOBLE,FIN DE SEMANA,ALTA VERAPAZ,
9,16-01-0155-46,16-031,ALTA VERAPAZ,COBAN,"LICEO ""MODERNO LATINO""",11 AVENIDA 5-17 ZONA 4,79522555,MERCEDES JOSEFINA TORRES GALVEZ,JORGE BENEDICTO COC POP,DIVERSIFICADO,PRIVADO,URBANA,ABIERTA,MONOLINGUE,DOBLE,FIN DE SEMANA,ALTA VERAPAZ,
10,16-01-0428-46,16-005,ALTA VERAPAZ,COBAN,INSTITUTO NACIONAL DE EDUCACION DIVERSIFICADA,"DIAGONAL 08 8-05 ZONA 8, BARRIO CANTON LAS CASAS",79945251,RUDY ADOLFO TOT OCH,HEIDY MARYBEL PEREZ DEL VALE,DIVERSIFICADO,OFICIAL,RURAL,ABIERTA,MONOLINGUE,VESPERTINA,DIARIO(REGULAR),ALTA VERAPAZ,
11,16-01-0471-46,16-031,ALTA VERAPAZ,COBAN,"COLEGIO DE INFORMATICA ""CENINFAV""",12 AV. 2-12 ZONA 1,79545566,MERCEDES JOSEFINA TORRES GALVEZ,MARIA MAGDALENA BOL CU,DIVERSIFICADO,PRIVADO,URBANA,ABIERTA,MONOLINGUE,VESPERTINA,DIARIO(REGULAR),ALTA VERAPAZ,
12,16-01-0478-46,16-031,ALTA VERAPAZ,COBAN,"COLEGIO EVANGELICO ""LA PATRIA""",FINCA CHIMAXITO ZONA 11,79514440,MERCEDES JOSEFINA TORRES GALVEZ,ELIGIO PASTOR GARCIA,DIVERSIFICADO,PRIVADO,URBANA,CERRADA TEMPORALMENTE,MONOLINGUE,MATUTINA,DIARIO(REGULAR),ALTA VERAPAZ,
13,16-01-0481-46,16-031,ALTA VERAPAZ,COBAN,LICEO AMERICANO DEL NORTE,5TA. CALLE 2-23 ZONA 4,79514754,MERCEDES JOSEFINA TORRES GALVEZ,JOSE CUPERTINO REYES GARCIA,DIVERSIFICADO,PRIVADO,URBANA,ABIERTA,MONOLINGUE,MATUTINA,DIARIO(REGULAR),ALTA VERAPAZ,
14,16-01-0483-46,16-031,ALTA VERAPAZ,COBAN,LICEO AMERICANO DEL NORTE,5TA. CALLE 2-23 ZONA 4,79514754,MERCEDES JOSEFINA TORRES GALVEZ,JOSE CUPERTINO REYES GARCIA,DIVERSIFICADO,PRIVADO,URBANA,ABIERTA,MONOLINGUE,DOBLE,FIN DE SEMANA,ALTA VERAPAZ,
15,16-01-0557-46,16-031,ALTA VERAPAZ,COBAN,"COLEGIO ""LA LIBERTAD""",3RA. AVENIDA 5-12 ZONA 4,79523696,MERCEDES JOSEFINA TORRES GALVEZ,ERICK FERNANDO CHOC GARCIA,DIVERSIFICADO,PRIVADO,URBANA,CERRADA TEMPORALMENTE,MONOLINGUE,DOBLE,FIN DE SEMANA,ALTA VERAPAZ,
16,16-01-0558-46,16-005,ALTA VERAPAZ,COBAN,"INSTITUTO NORMAL PREPRIMARIA BILINGUE ADSCRITO AL INSTITUTO NORMAL MIXTO DEL NORTE ""EMILIO ROSALES PONCE""",3A. AVE. 6-23 ZONA 11,79521468,RUDY ADOLFO TOT OCH,,DIVERSIFICADO,OFICIAL,URBANA,ABIERTA,MONOLINGUE,VESPERTINA,DIARIO(REGULAR),ALTA VERAPAZ,
17,16-01-0559-46,16-005,ALTA VERAPAZ,COBAN,INSTITUTO NORMAL PRIMARIA BILINGUE INTERCULTURAL ADS. AL INSTITUTO EMILIO ROSALES PONCE,3A. AVE. 6-23 ZONA 11,79521468,RUDY ADOLFO TOT OCH,,DIVERSIFICADO,OFICIAL,URBANA,ABIERTA,MONOLINGUE,VESPERTINA,DIARIO(REGULAR),ALTA VERAPAZ,
18,16-01-0563-46,16-031,ALTA VERAPAZ,COBAN,CENTRO DE FORMACION INTEGRAL LAS CONCHAS FMG,ALDEA LAS CONCHAS,79522793,MERCEDES JOSEFINA TORRES GALVEZ,CARLOS OXOM,DIVERSIFICADO,PRIVADO,RURAL,ABIERTA,MONOLINGUE,VESPERTINA,DIARIO(REGULAR),ALTA VERAPAZ,
19,16-01-0565-46,16-031,ALTA VERAPAZ,COBAN,"INSTITUTO MIXTO PRIVADO ""SALUD Y DESARROLLO""",DIAGNONAL 1 1-26 ZONA 1,44042550,MERCEDES JOSEFINA TORRES GALVEZ,SAMANTHA GABRIELA DE LA CRUZ MORALES,DIVERSIFICADO,PRIVADO,URBANA,ABIERTA,MONOLINGUE,DOBLE,FIN DE SEMANA,ALTA VERAPAZ,
20,16-01-0568-46,16-031,ALTA VERAPAZ,COBAN,INSTITUTO PRIVADO RAUL CHENAL HEINEMANN,5A. CALLE 1-06 ZONA 3,79510413,MERCEDES JOSEFINA TORRES GALVEZ,ASTRID YADIRA MARROQUIN MOLINA,DIVERSIFICADO,PRIVADO,URBANA,ABIERTA,MONOLINGUE,NOCTURNA,DIARIO(REGULAR),ALTA VERAPAZ,
21,16-01-0570-46,16-031,ALTA VERAPAZ,COBAN,LICEO MIGUEL ANGEL ASTURIAS,7A. CALLE 1-13 ZONA 3,79511103,MERCEDES JOSEFINA TORRES GALVEZ,WALDEMAR PEREZ OXOM,DIVERSIFICADO,PRIVADO,URBANA,CERRADA TEMPORALMENTE,MONOLINGUE,DOBLE,FIN DE SEMANA,ALTA VERAPAZ,
22,16-01-0572-46,16-031,ALTA VERAPAZ,COBAN,LICEO MIGUEL ANGEL ASTURIAS,7A. CALLE 1-13 ZONA 3,79511103,MERCEDES JOSEFINA TORRES GALVEZ,WALDEMAR PEREZ OXOM,DIVERSIFICADO,PRIVADO,URBANA,ABIERTA,MONOLINGUE,MATUTINA,DIARIO(REGULAR),ALTA VERAPAZ,
23,16-01-0573-46,16-031,ALTA VERAPAZ,COBAN,COLEGIO CRISTIANO BILINGUE VERBO,4A. CALLE A 4-32 ZONA 8,77945181,MERCEDES JOSEFINA TORRES GALVEZ,ALICIA WINTER CAAL DE ENRIQUEZ,DIVERSIFICADO,PRIVADO,URBANA,ABIERTA,MONOLINGUE,MATUTINA,DIARIO(REGULAR),ALTA VERAPAZ,
24,16-01-0574-46,16-005,ALTA VERAPAZ,COBAN,ESCUELA NACIONAL DE CIENCIAS COMERCIALES,2A. CALLE 11-10 ZONA 2,53530198,RUDY ADOLFO TOT OCH,,DIVERSIFICADO,OFICIAL,URBANA,ABIERTA,MONOLINGUE,VESPERTINA,DIARIO(REGULAR),ALTA VERAPAZ,
25,16-01-0583-46,16-031,ALTA VERAPAZ,COBAN,COLEGIO NUEVOS SENDEROS,"3A. CALLE 3-74, ZONA 3",79417300,MERCEDES JOSEFINA TORRES GALVEZ,ZOYLA ARGENTINA MOLLINEDO ALVARADO,DIVERSIFICADO,PRIVADO,URBANA,ABIERTA,MONOLINGUE,MATUTINA,DIARIO(REGULAR),ALTA VERAPAZ,
26,16-01-0604-46,16-031,ALTA VERAPAZ,COBAN,INSTITUTO PRIVADO RAUL CHENAL HEINEMANN,"5A. CALLE 1-06, ZONA 3",79510413,MERCEDES JOSEFINA TORRES GALVEZ,ASTRID YADIRA MARROQUIN MOLINA,DIVERSIFICADO,PRIVADO,URBANA,ABIERTA,MONOLINGUE,MATUTINA,DIARIO(REGULAR),ALTA VERAPAZ,
27,16-01-0609-46,16-031,ALTA VERAPAZ,COBAN,INSTITUTO MIXTO DE EDUCACION BILINGUE INTERCULTURAL -IMEBI-,LOTIFICACION CHIVENCORRAL,30367501,MERCEDES JOSEFINA TORRES GALVEZ,JUAN PASCUAL FRANCISCO LUCAS ANTONIO,DIVERSIFICADO,PRIVADO,URBANA,ABIERTA,MONOLINGUE,VESPERTINA,DIARIO(REGULAR),ALTA VERAPAZ,
28,16-01-0611-46,16-031,ALTA VERAPAZ,COBAN,COLEGIO HISPANOAMERICANO,"1A CALLE 17-41 COMUNIDAD PETET CHIXIC, ZONA 12",74725125,MERCEDES JOSEFINA TORRES GALVEZ,KIMBERLY BETZADIA CU ISEM,DIVERSIFICADO,PRIVADO,URBANA,CERRADA TEMPORALMENTE,MONOLINGUE,MATUTINA,DIARIO(REGULAR),ALTA VERAPAZ,
29,16-01-0612-46,16-031,ALTA VERAPAZ,COBAN,INSTITUTO DE MAGISTERIO DE EDUCACION PREPRIMARIA INFANTIL BILINGUE INTERCULTURAL LUZ DEL SABER,"CALZADA RABIN AJAU, ZONA 1",57565646,MERCEDES JOSEFINA TORRES GALVEZ,THELMA MARTINA POP TZIR,DIVERSIFICADO,PRIVADO,RURAL,ABIERTA,BILINGUE,VESPERTINA,DIARIO(REGULAR),ALTA VERAPAZ,
30,16-01-0613-46,16-031,ALTA VERAPAZ,COBAN,"COLEGIO PARTICULAR MIXTO ""ANTON DE MONTESINOS""",1A. CALLE 7-22 ZONA 3,77259205,MERCEDES JOSEFINA TORRES GALVEZ,MARGARITA VILLALOBOS LIGORRIA DE MENDOZA,DIVERSIFICADO,PRIVADO,URBANA,ABIERTA,MONOLINGUE,MATUTINA,DIARIO(REGULAR),ALTA VERAPAZ,
31,16-01-0616-46,16-037,ALTA VERAPAZ,COBAN,INSTITUTO NACIONAL DE EDUCACION DIVERSIFICADA,ALDEA SALACUIM,57300783,JUVENTINA ALVARADO PEREZ,,DIVERSIFICADO,OFICIAL,RURAL,ABIERTA,MONOLINGUE,VESPERTINA,DIARIO(REGULAR),ALTA VERAPAZ,
32,16-01-0619-46,16-031,ALTA VERAPAZ,COBAN,"COLEGIO PARTICULAR MIXTO ""ANTON DE MONTESINOS""",1A. CALLE 7-22 ZONA 3,77259205,MERCEDES JOSEFINA TORRES GALVEZ,MARGARITA VILLALOBOS LIGORRIA,DIVERSIFICADO,PRIVADO,URBANA,ABIERTA,MONOLINGUE,VESPERTINA,DIARIO(REGULAR),ALTA VERAPAZ,
33,16-01-0642-46,16-005,ALTA VERAPAZ,COBAN,INSTITUTO NACIONAL DE EDUCACION DIVERSIFICADA,ALDEA CHOVAL,53331646,RUDY ADOLFO TOT OCH,,DIVERSIFICADO,OFICIAL,RURAL,ABIERTA,MONOLINGUE,VESPERTINA,DIARIO(REGULAR),ALTA VERAPAZ,
34,16-01-0646-46,16-031,ALTA VERAPAZ,COBAN,INSTITUTO MIXTO PRIVADO SALUD Y DESARROLLO,DIAGNONAL 1 1-26 ZONA 1,44042550,MERCEDES JOSEFINA TORRES GALVEZ,ERWIN ROLANDO XOL CHUN,DIVERSIFICADO,PRIVADO,URBANA,CERRADA TEMPORALMENTE,MONOLINGUE,DOBLE,FIN DE SEMANA,ALTA VERAPAZ,
35,16-01-0651-46,16-031,ALTA VERAPAZ,COBAN,CENTRO DE FORMACION INTEGRAL CIUDAD DE LA ESPERANZA,6A. AV. 10-68 ZONA 12 COLONIA EL ESFUERZO I,77367652,MERCEDES JOSEFINA TORRES GALVEZ,BYRON ANIBAL GOMEZ GATICA,DIVERSIFICADO,PRIVADO,URBANA,ABIERTA,MONOLINGUE,MATUTINA,DIARIO(REGULAR),ALTA VERAPAZ,
36,16-01-0652-46,16-037,ALTA VERAPAZ,COBAN,INSTITUTO MAYA COMUNITARIO K AMOLB E,ALDEA NIMLAJACOC,49203582,JUVENTINA ALVARADO PEREZ,JOSE MARIA CHOC,DIVERSIFICADO,PRIVADO,RURAL,ABIERTA,BILINGUE,VESPERTINA,DIARIO(REGULAR),ALTA VERAPAZ,
37,16-01-0664-46,16-031,ALTA VERAPAZ,COBAN,LICEO AMERICANO DEL NORTE,5TA. AVENIDA 2-23 ZONA 4,79514754,MERCEDES JOSEFINA TORRES GALVEZ,JOSE CUPERTINO REYES GARCIA,DIVERSIFICADO,PRIVADO,URBANA,ABIERTA,MONOLINGUE,MATUTINA,DIARIO(REGULAR),ALTA VERAPAZ,
38,16-01-0665-46,16-031,ALTA VERAPAZ,COBAN,"COLEGIO DE INFORMATICA ""CENINFAV""",12 AVENIDA 2-12 ZONA 1,79545566,MERCEDES JOSEFINA TORRES GALVEZ,MARIA MAGDALENA BOL CU,DIVERSIFICADO,PRIVADO,URBANA,CERRADA TEMPORALMENTE,MONOLINGUE,DOBLE,DIARIO(REGULAR),ALTA VERAPAZ,
39,16-01-0666-46,16-031,ALTA VERAPAZ,COBAN,"COLEGIO DE INFORMATICA ""CENINFAV""",12 AVENIDA 2-12 ZONA 1,79521765,MERCEDES JOSEFINA TORRES GALVEZ,HECTOR VIDAL BOL CU,DIVERSIFICADO,PRIVADO,URBANA,CERRADA TEMPORALMENTE,MONOLINGUE,DOBLE,FIN DE SEMANA,ALTA VERAPAZ,
40,16-01-0668-46,16-031,ALTA VERAPAZ,COBAN,COLEGIO PARTICULAR MIXTO IMPERIAL,"5A CALLE 1-98, ZONA 3",57101061,MERCEDES JOSEFINA TORRES GALVEZ,HECTOR WALDERMAR TOT COY,DIVERSIFICADO,PRIVADO,URBANA,ABIERTA,MONOLINGUE,DOBLE,DIARIO(REGULAR),ALTA VERAPAZ,
41,16-01-0671-46,16-031,ALTA VERAPAZ,COBAN,COLEGIO PRIVADO MIXTO TECNOLOGICO EN INFORMATICA,2A. CALLE 12-23 ZONA 4,79521190,MERCEDES JOSEFINA TORRES GALVEZ,JORGE SALVADOR JUAREZ SIERRA,DIVERSIFICADO,PRIVADO,URBANA,ABIERTA,MONOLINGUE,DOBLE,DIARIO(REGULAR),ALTA VERAPAZ,
42,16-01-0672-46,16-031,ALTA VERAPAZ,COBAN,ICA,11AVENIDA 1-10 ZONA 1,33509500,MERCEDES JOSEFINA TORRES GALVEZ,LAIDY ANDREA CHOCOOJ TIUL,DIVERSIFICADO,PRIVADO,URBANA,ABIERTA,MONOLINGUE,MATUTINA,DIARIO(REGULAR),ALTA VERAPAZ,
43,16-01-0678-46,16-031,ALTA VERAPAZ,COBAN,COLEGIO LA LIBERTAD,3A. AVENIDA CINCO GUION DOCE (5-12),48979726,MERCEDES JOSEFINA TORRES GALVEZ,ERICK FERNANDO CHOC GARCIA,DIVERSIFICADO,PRIVADO,URBANA,ABIERTA,MONOLINGUE,DOBLE,FIN DE SEMANA,ALTA VERAPAZ,
44,16-01-0681-46,16-031,ALTA VERAPAZ,COBAN,INSTITUTO MIXTO PRIVADO SANTO DOMINGO,"2A. CALLE 11-10, ZONA 2",79529830,MERCEDES JOSEFINA TORRES GALVEZ,AMERICA NUILA LUTHER,DIVERSIFICADO,PRIVADO,URBANA,ABIERTA,MONOLINGUE,DOBLE,FIN DE SEMANA,ALTA VERAPAZ,
45,16-01-0690-46,16-031,ALTA VERAPAZ,COBAN,"ISEA ""LA ESCUELA EN SU CASA""",1A. AV. 4-24 ZONA 2,77930803,MERCEDES JOSEFINA TORRES GALVEZ,YADIRA SOMARI ALFARO OCH,DIVERSIFICADO,PRIVADO,URBANA,ABIERTA,MONOLINGUE,DOBLE,A DISTANCIA,ALTA VERAPAZ,
46,16-01-0694-46,16-031,ALTA VERAPAZ,COBAN,COLEGIO LA LIBERTAD,3A. AV. 5-12 ZONA 4,55564568,MERCEDES JOSEFINA TORRES GALVEZ,ERICK FERNANDO CHOC GARCIA,DIVERSIFICADO,PRIVADO,URBANA,ABIERTA,MONOLINGUE,DOBLE,SEMIPRESENCIAL,ALTA VERAPAZ,
47,16-01-0703-46,16-031,ALTA VERAPAZ,COBAN,INSTITUTO MIXTO PRIVADO SALUD Y DESARROLLO,DIAGNONAL 1 1-26 ZONA 1,42401322,MERCEDES JOSEFINA TORRES GALVEZ,SAMANTHA GABRIELA DE LA CRUZ MORALES,DIVERSIFICADO,PRIVADO,URBANA,ABIERTA,BILINGUE,VESPERTINA,DIARIO(REGULAR),ALTA VERAPAZ,
48,16-01-0705-46,16-050,ALTA VERAPAZ,COBAN,PROGRAMA NACIONAL DE EDUCACION ALTERNATIVA PRONEA,7A. AV. 2-18 D ZONA 1,45587767,MAXIMILIANO CHUB ICAL,,DIVERSIFICADO,OFICIAL,RURAL,ABIERTA,MONOLINGUE,DOBLE,A DISTANCIA,ALTA VERAPAZ,
49,16-01-0710-46,16-031,ALTA VERAPAZ,COBAN,OXFORD BILINGUAL SCHOOL,2DA. CALLE 16-94 ZONA 4,79513898,MERCEDES JOSEFINA TORRES GALVEZ,DARWIN ROBERTO IGLESIAS DE LA CRUZ,DIVERSIFICADO,PRIVADO,URBANA,ABIERTA,BILINGUE,MATUTINA,DIARIO(REGULAR),ALTA VERAPAZ,
50,16-01-0712-46,16-050,ALTA VERAPAZ,COBAN,ENBI CENTRO DE EDUCACION EXTRAESCOLAR -CEEX-,10 AVENIDA 1-25 ZONA 3,79521302,MAXIMILIANO CHUB ICAL,ANABELA CECILIA BOL CAAL,DIVERSIFICADO,OFICIAL,URBANA,ABIERTA,BILINGUE,VESPERTINA,DIARIO(REGULAR),ALTA VERAPAZ,
51,16-01-0909-46,16-031,ALTA VERAPAZ,COBAN,"ISEA ""LA ESCUELA EN SU CASA""","2A. CALLE ""A"" 11-10, ZONA 1",77256954,MERCEDES JOSEFINA TORRES GALVEZ,YADIRA SOMARI ALFARO OCH,DIVERSIFICADO,PRIVADO,URBANA,ABIERTA,MONOLINGUE,SIN JORNADA,SEMIPRESENCIAL (FIN DE SEMANA),ALTA VERAPAZ,
52,16-01-0910-46,16-031,ALTA VERAPAZ,COBAN,COLEGIO DE INFORMATICA CENINFAV,"12 AVENIDA 2-12, ZONA 1",79521765,MERCEDES JOSEFINA TORRES GALVEZ,HECTOR VIDAL BOL CU,DIVERSIFICADO,PRIVADO,URBANA,ABIERTA,MONOLINGUE,SIN JORNADA,SEMIPRESENCIAL (FIN DE SEMANA),ALTA VERAPAZ,
53,16-01-0912-46,16-031,ALTA VERAPAZ,COBAN,COLEGIO PRIVADO MIXTO TECNOLOGICO EN INFORMATICA,"2A. CALLE 12-23, ZONA 4",79511459,MERCEDES JOSEFINA TORRES GALVEZ,DANIEL BERNARDO RAMIREZ GONZALEZ,DIVERSIFICADO,PRIVADO,URBANA,ABIERTA,MONOLINGUE,SIN JORNADA,SEMIPRESENCIAL (FIN DE SEMANA),ALTA VERAPAZ,
54,16-01-0913-46,16-031,ALTA VERAPAZ,COBAN,INSTITUTO MIXTO PRIVADO SALUD Y DESARROLLO,"DIAGONAL 1 1-26, ZONA 1",59584790,MERCEDES JOSEFINA TORRES GALVEZ,SAMANTHA GABRIELA DE LA CRUZ MORALES,DIVERSIFICADO,PRIVADO,URBANA,ABIERTA,MONOLINGUE,SIN JORNADA,SEMIPRESENCIAL (FIN DE SEMANA),ALTA VERAPAZ,
55,16-01-0915-46,16-031,ALTA VERAPAZ,COBAN,INSTITUTO MIXTO PRIVADO SANTO DOMINGO,"2A. CALLE 11-10, ZONA 2",79529830,MERCEDES JOSEFINA TORRES GALVEZ,AMERICA NUILA LUTHER,DIVERSIFICADO,PRIVADO,URBANA,ABIERTA,MONOLINGUE,SIN JORNADA,SEMIPRESENCIAL (FIN DE SEMANA),ALTA VERAPAZ,
56,16-01-0917-46,16-031,ALTA VERAPAZ,COBAN,INSTITUTO PRIVADO MIXTO MONJA BLANCA,"DIAGONAL 3 14-11, ZONA 2",79513896,MERCEDES JOSEFINA TORRES GALVEZ,EDWIN ARMANDO CATUN CAAL,DIVERSIFICADO,PRIVADO,URBANA,ABIERTA,MONOLINGUE,SIN JORNADA,SEMIPRESENCIAL (FIN DE SEMANA),ALTA VERAPAZ,
57,16-01-0918-46,16-031,ALTA VERAPAZ,COBAN,LICEO PREUNIVERSITARIO DE NORTE,"3A. AVENIDA 8-32, ZONA 10",79417346,MERCEDES JOSEFINA TORRES GALVEZ,ZOILA IMENA LOPEZ RODAS,DIVERSIFICADO,PRIVADO,URBANA,ABIERTA,MONOLINGUE,SIN JORNADA,SEMIPRESENCIAL (FIN DE SEMANA),ALTA VERAPAZ,
58,16-01-0919-46,16-031,ALTA VERAPAZ,COBAN,"LICEO MIXTO PARTICULAR ""SAN BENITO""","9A. AVENIDA 4-55, ZONA 4",37058145,MERCEDES JOSEFINA TORRES GALVEZ,HENRI MARCO TULIO ARTOLA TEYUL,DIVERSIFICADO,PRIVADO,URBANA,ABIERTA,MONOLINGUE,VESPERTINA,DIARIO(REGULAR),ALTA VERAPAZ,
59,16-01-0922-46,16-031,ALTA VERAPAZ,COBAN,COLEGIO LA LIBERTAD,"3A. AVENIDA 5-12, ZONA 4",33857209,MERCEDES JOSEFINA TORRES GALVEZ,ERICK FERNANDO CHOC GARCIA,DIVERSIFICADO,PRIVADO,URBANA,ABIERTA,MONOLINGUE,SIN JORNADA,SEMIPRESENCIAL (FIN DE SEMANA),ALTA VERAPAZ,
60,16-01-0926-46,16-005,ALTA VERAPAZ,COBAN,INSTITUTO NACIONAL DE EDUCACION DIVERSIFICADA,2A. CALLE 1-99 ZONA 4 COBAN,45282976,RUDY ADOLFO TOT OCH,,DIVERSIFICADO,OFICIAL,URBANA,ABIERTA,MONOLINGUE,NOCTURNA,DIARIO(REGULAR),ALTA VERAPAZ,
61,16-01-0927-46,16-005,ALTA VERAPAZ,COBAN,INSTITUTO NACIONAL DE EDUCACION DIVERSIFICADA,2A. CALLE 1-99 ZONA 4,45282976,RUDY ADOLFO TOT OCH,,DIVERSIFICADO,OFICIAL,URBANA,ABIERTA,MONOLINGUE,NOCTURNA,DIARIO(REGULAR),ALTA VERAPAZ,
62,16-01-1172-46,16-006,ALTA VERAPAZ,COBAN,COLEGIO PARTICULAR MIXTO CARLOS V,6A. CALLE 2-06 ZONA 8 PERIFERICO SUR COBAN,,EFRAIN CAAL CUC,,DIVERSIFICADO,PRIVADO,URBANA,CERRADA TEMPORALMENTE,MONOLINGUE,MATUTINA,FIN DE SEMANA,ALTA VERAPAZ,
63,16-01-1173-46,16-006,ALTA VERAPAZ,COBAN,COLEGIO PARTICULAR MIXTO CARLOS V,6A. CALLE 2-06 ZONA 8 PERIFERICO SUR COBAN,,EFRAIN CAAL CUC,,DIVERSIFICADO,PRIVADO,URBANA,CERRADA TEMPORALMENTE,MONOLINGUE,MATUTINA,DIARIO(REGULAR),ALTA VERAPAZ,
64,16-01-1174-46,16-031,ALTA VERAPAZ,COBAN,INSTITUTO PRIVADO RAUL CHENAL HEINEMANN,5A. CALLE 1-06 ZONA 3,79510413,MERCEDES JOSEFINA TORRES GALVEZ,ASTRID YADIRA MARROQUIN MOLINA,DIVERSIFICADO,PRIVADO,URBANA,ABIERTA,MONOLINGUE,VESPERTINA,DIARIO(REGULAR),ALTA VERAPAZ,
65,16-01-1175-46,16-031,ALTA VERAPAZ,COBAN,INSTITUTO PRIVADO RAUL CHENAL HEINEMANN,5TA. CALLE 1-06 ZONA 3,79520414,MERCEDES JOSEFINA TORRES GALVEZ,ASTRID YADIRA MARROQUIN MOLINA,DIVERSIFICADO,PRIVADO,URBANA,ABIERTA,MONOLINGUE,DOBLE,FIN DE SEMANA,ALTA VERAPAZ,
66,16-01-1176-46,16-031,ALTA VERAPAZ,COBAN,INSTITUTO MIXTO PRIVADO SANTO DOMINGO,2A. CALLE 11-10 ZONA 2,79529830,MERCEDES JOSEFINA TORRES GALVEZ,,DIVERSIFICADO,PRIVADO,URBANA,CERRADA TEMPORALMENTE,MONOLINGUE,VESPERTINA,SABATINO,ALTA VERAPAZ,
67,16-01-1177-46,16-006,ALTA VERAPAZ,COBAN,INSTITUTO PRIVADO MIXTO SANTO DOMINGO,2A. CALLE 11-10 ZONA 2,77231494,EFRAIN CAAL CUC,,DIVERSIFICADO,PRIVADO,URBANA,CERRADA TEMPORALMENTE,MONOLINGUE,MATUTINA,SABATINO,ALTA VERAPAZ,
68,16-01-1259-46,16-006,ALTA VERAPAZ,COBAN,INSTITUTO DE TURISMO Y AVIACION DEL NORTE ITAN,3A. AVENIDA 5-28 ZONA 4,58633599,EFRAIN CAAL CUC,,DIVERSIFICADO,PRIVADO,URBANA,CERRADA TEMPORALMENTE,MONOLINGUE,MATUTINA,DIARIO(REGULAR),ALTA VERAPAZ,
69,16-01-1312-46,16-031,ALTA VERAPAZ,COBAN,COLEGIO PRIVADO MIXTO TECNOLOGICO EN INFORMATICA,2A. CALLE 12-23 ZONA 4,79511459,MERCEDES JOSEFINA TORRES GALVEZ,,DIVERSIFICADO,PRIVADO,URBANA,CERRADA TEMPORALMENTE,MONOLINGUE,VESPERTINA,FIN DE SEMANA,ALTA VERAPAZ,
70,16-01-1313-46,16-006,ALTA VERAPAZ,COBAN,COLEGIO PRIVADO MIXTO TECNOLOGICO EN INFORMATICA,2A. CALLE 12-23 ZONA 4,79511459,EFRAIN CAAL CUC,,DIVERSIFICADO,PRIVADO,URBANA,CERRADA TEMPORALMENTE,MONOLINGUE,NOCTURNA,DIARIO(REGULAR),ALTA VERAPAZ,
71,16-01-1390-46,16-031,ALTA VERAPAZ,COBAN,LICEO MIGUEL ANGEL ASTURIAS,7A. CALLE 1-13 ZONA 3,79511103,MERCEDES JOSEFINA TORRES GALVEZ,,DIVERSIFICADO,PRIVADO,URBANA,CERRADA TEMPORALMENTE,MONOLINGUE,MATUTINA,FIN DE SEMANA,ALTA VERAPAZ,
72,16-01-1393-46,16-031,ALTA VERAPAZ,COBAN,LICEO PREUNIVERSITARIO DEL NORTE,2A. CALLE 6-41 ZONA 4,79417346,MERCEDES JOSEFINA TORRES GALVEZ,,DIVERSIFICADO,PRIVADO,URBANA,CERRADA TEMPORALMENTE,MONOLINGUE,VESPERTINA,FIN DE SEMANA,ALTA VERAPAZ,
73,16-01-1394-46,16-031,ALTA VERAPAZ,COBAN,INSTITUTO PRIVADO MIXTO MONJA BLANCA,"DIAGONAL 3, 14-11 ZONA 2",79513896,MERCEDES JOSEFINA TORRES GALVEZ,,DIVERSIFICADO,PRIVADO,URBANA,ABIERTA,MONOLINGUE,DOBLE,FIN DE SEMANA,ALTA VERAPAZ,
74,16-01-1401-46,16-006,ALTA VERAPAZ,COBAN,COOPERACION MESOAMERICANA PARA EL DESARROLLO Y LA PAZ -COMADEP-,COBAN,52182313,EFRAIN CAAL CUC,,DIVERSIFICADO,PRIVADO,URBANA,CERRADA TEMPORALMENTE,MONOLINGUE,DOBLE,A DISTANCIA,ALTA VERAPAZ,
75,16-01-1468-46,16-031,ALTA VERAPAZ,COBAN,COLEGIO NUESTRA SENORA DE LA ESPERANZA,COLONIA EL ESFUERZO I ZONA 12,79510207,MERCEDES JOSEFINA TORRES GALVEZ,,DIVERSIFICADO,PRIVADO,URBANA,CERRADA TEMPORALMENTE,MONOLINGUE,MATUTINA,DIARIO(REGULAR),ALTA VERAPAZ,
76,16-01-1469-46,16-031,ALTA VERAPAZ,COBAN,COLEGIO PRIVADO MIXTO TECNOLOGICO EN INFORMATICA,2A. CALLE 12-23 ZONA 4,79511459,MERCEDES JOSEFINA TORRES GALVEZ,,DIVERSIFICADO,PRIVADO,URBANA,ABIERTA,MONOLINGUE,DOBLE,FIN DE SEMANA,ALTA VERAPAZ,
77,16-01-1491-46,16-031,ALTA VERAPAZ,COBAN,COLEGIO LA LIBERTAD,BARRIO LA LIBERTAD ZONA 10,79511439,MERCEDES JOSEFINA TORRES GALVEZ,ERICK FERNANDO CHOC GARCIA,DIVERSIFICADO,PRIVADO,URBANA,CERRADA TEMPORALMENTE,MONOLINGUE,MATUTINA,DIARIO(REGULAR),ALTA VERAPAZ,
78,16-01-2156-46,16-031,ALTA VERAPAZ,COBAN,COLEGIO PARTICULAR MIXTO IMPERIAL,5A. CALLE 1-98 ZONA 3,57101061,MERCEDES JOSEFINA TORRES GALVEZ,HECTOR WALDEMAR TOT COY,DIVERSIFICADO,PRIVADO,URBANA,ABIERTA,MONOLINGUE,VESPERTINA,DIARIO(REGULAR),ALTA VERAPAZ,
79,16-01-2171-46,16-031,ALTA VERAPAZ,COBAN,INSTITUTO MIXTO NUEVOS HORIZONTES,"6A. AVENIDA 1-15, ZONA 4",,MERCEDES JOSEFINA TORRES GALVEZ,,DIVERSIFICADO,PRIVADO,URBANA,CERRADA TEMPORALMENTE,MONOLINGUE,MATUTINA,FIN DE SEMANA,ALTA VERAPAZ,
80,16-01-2302-46,16-031,ALTA VERAPAZ,COBAN,INSTITUTO PRIVADO MIXTO MONJA BLANCA,"DIAGONAL 3, 14-11 ZONA 2",79513896,MERCEDES JOSEFINA TORRES GALVEZ,,DIVERSIFICADO,PRIVADO,URBANA,CERRADA TEMPORALMENTE,MONOLINGUE,MATUTINA,FIN DE SEMANA,ALTA VERAPAZ,
81,16-01-2947-46,,ALTA VERAPAZ,COBAN,INSTITUTO PRIVADO BASICO Y BACHILLERATO POR MADUREZ 'CARLOS V',5A. CALLE 1-98 ZONA 3,,,,DIVERSIFICADO,PRIVADO,URBANA,CERRADA TEMPORALMENTE,MONOLINGUE,VESPERTINA,DIARIO(REGULAR),ALTA VERAPAZ,
82,16-01-3041-46,16-005,ALTA VERAPAZ,COBAN,INSTITUTO DE BACHILLERATO ADS. AL INSTITUTO NORMAL MIXTO DEL NORTE EMILIO ROSALES PONCE,3AVENIDA 6-23 ZONA 11,79521468,RUDY ADOLFO TOT OCH,GUSTAVO ADOLFO SIERRA POP,DIVERSIFICADO,OFICIAL,URBANA,ABIERTA,MONOLINGUE,VESPERTINA,DIARIO(REGULAR),ALTA VERAPAZ,
83,16-01-6190-46,16-031,ALTA VERAPAZ,COBAN,LICEO MIGUEL ANGEL ASTURIAS,7A. CALLE 1-13 ZONA 3,79511103,MERCEDES JOSEFINA TORRES GALVEZ,,DIVERSIFICADO,PRIVADO,URBANA,ABIERTA,MONOLINGUE,VESPERTINA,DIARIO(REGULAR),ALTA VERAPAZ,
84,16-01-6191-46,16-031,ALTA VERAPAZ,COBAN,COLEGIO PRIVADO MIXTO TECNOLOGICO EN INFORMATICA,2A. CALLE 12-23 ZONA 4,79511459,MERCEDES JOSEFINA TORRES GALVEZ,,DIVERSIFICADO,PRIVADO,URBANA,ABIERTA,MONOLINGUE,MATUTINA,DIARIO(REGULAR),ALTA VERAPAZ,
85,16-01-7308-46,16-031,ALTA VERAPAZ,COBAN,COLEGIO PARTICULAR MIXTO IMPERIAL,"5A. CALLE 1-98, ZONA 3.",79514226,MERCEDES JOSEFINA TORRES GALVEZ,,DIVERSIFICADO,PRIVADO,URBANA,CERRADA TEMPORALMENTE,MONOLINGUE,NOCTURNA,DIARIO(REGULAR),ALTA VERAPAZ,
86,16-01-8294-46,16-031,ALTA VERAPAZ,COBAN,LICEO PREUNIVERSITARIO DEL NORTE,3A. AVENIDA 8-32 BARRIO LA LIBERTAD ZONA 10,79417346,MERCEDES JOSEFINA TORRES GALVEZ,,DIVERSIFICADO,PRIVADO,URBANA,ABIERTA,MONOLINGUE,DOBLE,DIARIO(REGULAR),ALTA VERAPAZ,
87,16-01-8317-46,16-031,ALTA VERAPAZ,COBAN,LICEO DE COMPUTACION Y EDUCACION PARA EL HOGAR M.B.M.,3AV. 1-23 ZONA 4,79513444,MERCEDES JOSEFINA TORRES GALVEZ,MATILDE OCH CACAO,DIVERSIFICADO,PRIVADO,RURAL,CERRADA TEMPORALMENTE,MONOLINGUE,MATUTINA,DIARIO(REGULAR),ALTA VERAPAZ,
88,16-01-8331-46,16-031,ALTA VERAPAZ,COBAN,LICEO PREUNIVERSITARIO DEL NORTE,3A. AVENIDA 8-32 BARRIO LA LIBERTAD ZONA 10,79417346,MERCEDES JOSEFINA TORRES GALVEZ,ZOILA IMENA LOPEZ RODAS,DIVERSIFICADO,PRIVADO,URBANA,ABIERTA,MONOLINGUE,DOBLE,FIN DE SEMANA,ALTA VERAPAZ,
89,16-01-8335-46,16-031,ALTA VERAPAZ,COBAN,COLEGIO DE INFORMATICA CENINFAV,12 AV. 2-12 ZONA 1,79545566,MERCEDES JOSEFINA TORRES GALVEZ,MARIA MAGDALENA BOL CU,DIVERSIFICADO,PRIVADO,RURAL,ABIERTA,MONOLINGUE,MATUTINA,DIARIO(REGULAR),ALTA VERAPAZ,
90,16-01-8813-46,25-000,ALTA VERAPAZ,COBAN,INSTITUTO GUATEMALTECO DE EDUCACION RADIOFONICA (IGER),,,SONIA HAYDEE REYES MONTERROSO,,DIVERSIFICADO,PRIVADO,RURAL,CERRADA TEMPORALMENTE,MONOLINGUE,MATUTINA,A DISTANCIA,ALTA VERAPAZ,
91,16-01-9067-46,16-005,ALTA VERAPAZ,COBAN,ESCUELA NORMAL DE EDUCACION FISICA,CALZADA RABIN AJAU ZONA 11,79523686,RUDY ADOLFO TOT OCH,BERTA MARIA MENDEZ RODRIGUEZ,DIVERSIFICADO,OFICIAL,URBANA,ABIERTA,MONOLINGUE,DOBLE,DIARIO(REGULAR),ALTA VERAPAZ,
92,16-01-9095-46,16-031,ALTA VERAPAZ,COBAN,COLEGIO PRIVADO MIXTO TECNOLOGICO EN INFORMATICA,2A. CALLE 12-23 ZONA 4,79511459,MERCEDES JOSEFINA TORRES GALVEZ,CARLOS ENRIQUE MONROY SIERRA,DIVERSIFICADO,PRIVADO,URBANA,ABIERTA,MONOLINGUE,VESPERTINA,DIARIO(REGULAR),ALTA VERAPAZ,
93,16-01-9102-46,16-031,ALTA VERAPAZ,COBAN,COLEGIO MIXTO EVANGELICO NAZARENO,6A. CALLE 8-10 ZONA 10 CERRITO EL CARACOL COBAN,79511866,MERCEDES JOSEFINA TORRES GALVEZ,CINDY VIVIANA YAT MACZ,DIVERSIFICADO,PRIVADO,URBANA,ABIERTA,MONOLINGUE,MATUTINA,DIARIO(REGULAR),ALTA VERAPAZ,
94,16-01-9260-46,16-005,ALTA VERAPAZ,COBAN,ESCUELA DE FORMACION AGRICOLA,FINCA SAN JOSE LA COLONIA,52191386,RUDY ADOLFO TOT OCH,,DIVERSIFICADO,OFICIAL,RURAL,CERRADA TEMPORALMENTE,MONOLINGUE,DOBLE,DIARIO(REGULAR),ALTA VERAPAZ,
95,16-01-9544-46,16-031,ALTA VERAPAZ,COBAN,COLEGIO BILINGUE DE INFANTES,3A. CALLE 7-07 ZONA 3,33836377,MERCEDES JOSEFINA TORRES GALVEZ,GIOVANY HENGSTENBERG,DIVERSIFICADO,PRIVADO,URBANA,ABIERTA,MONOLINGUE,MATUTINA,DIARIO(REGULAR),ALTA VERAPAZ,
96,16-01-9851-46,16-031,ALTA VERAPAZ,COBAN,COLEGIO DE INFORMATICA CENINFAV,12AV. 2-12 ZONA 1,79521765,MERCEDES JOSEFINA TORRES GALVEZ,,DIVERSIFICADO,PRIVADO,URBANA,ABIERTA,MONOLINGUE,DOBLE,FIN DE SEMANA,ALTA VERAPAZ,
97,16-01-9897-46,16-031,ALTA VERAPAZ,COBAN,COLEGIO PARTICULAR MIXTO VERAPAZ,KM.209.5 ENTRADA A COBAN,77367402,MERCEDES JOSEFINA TORRES GALVEZ,,DIVERSIFICADO,PRIVADO,URBANA,ABIERTA,MONOLINGUE,VESPERTINA,DIARIO(REGULAR),ALTA VERAPAZ,
98,16-01-9956-46,16-031,ALTA VERAPAZ,COBAN,LICEO PREUNIVERSITARIO DEL NORTE,2A. CALLE 4-61 ZONA 4,79514754,MERCEDES JOSEFINA TORRES GALVEZ,,DIVERSIFICADO,PRIVADO,URBANA,CERRADA TEMPORALMENTE,MONOLINGUE,VESPERTINA,DIARIO(REGULAR),ALTA VERAPAZ,
99,16-01-9958-46,16-031,ALTA VERAPAZ,COBAN,LICEO DR. RICARDO BRESSANI,1A. AVENIDA 5-52 ZONA 2,79521633,MERCEDES JOSEFINA TORRES GALVEZ,,DIVERSIFICADO,PRIVADO,URBANA,ABIERTA,MONOLINGUE,DOBLE,DIARIO(REGULAR),ALTA VERAPAZ,
100,16-01-9991-46,16-031,ALTA VERAPAZ,COBAN,ASOCIACION DE MAESTROS DE EDUCACION RURAL DE GUATEMALA (AMERG),6TA. AVENIDA 1-27 ZONA 4,79520175,MERCEDES JOSEFINA TORRES GALVEZ,,DIVERSIFICADO,PRIVADO,RURAL,CERRADA TEMPORALMENTE,BILINGUE,DOBLE,FIN DE SEMANA,ALTA VERAPAZ,
101,16-02-0013-46,16-006,ALTA VERAPAZ,SANTA CRUZ VERAPAZ,INSTITUTO NACIONAL DE EDUCACION DIVERSIFICADA,BARRIO SANTA ELENA,57767683,EFRAIN CAAL CUC,,DIVERSIFICADO,OFICIAL,RURAL,ABIERTA,MONOLINGUE,VESPERTINA,DIARIO(REGULAR),ALTA VERAPAZ,
102,16-02-0020-46,16-006,ALTA VERAPAZ,SANTA CRUZ VERAPAZ,LICEO SANTA CRUZ,"CALLE 3 DE MAYO 2-67 ZONA 2, BARRIO SANTO TOMAS",50161328,EFRAIN CAAL CUC,AUGUSTO ALEXANDER RAX RODRIGUEZ,DIVERSIFICADO,PRIVADO,URBANA,ABIERTA,MONOLINGUE,VESPERTINA,DIARIO(REGULAR),ALTA VERAPAZ,
103,16-02-0053-46,16-006,ALTA VERAPAZ,SANTA CRUZ VERAPAZ,COLEGIO FUTURO AMANECER,"CALLE 3 DE MAYO 2-70, ZONA 1",59984909,EFRAIN CAAL CUC,BLANCA FLORIDALMA QUEJ CHIQUIN,DIVERSIFICADO,PRIVADO,URBANA,CERRADA TEMPORALMENTE,MONOLINGUE,SIN JORNADA,SEMIPRESENCIAL (FIN DE SEMANA),ALTA VERAPAZ,
104,16-02-0055-46,16-006,ALTA VERAPAZ,SANTA CRUZ VERAPAZ,LICEO SANTA CRUZ,"CALLE 3 DE MAYO 2-67, BARRIO SANTO TOMAS",42035694,EFRAIN CAAL CUC,AUGUSTO ALEXANDER RAX RODRIGUEZ,DIVERSIFICADO,PRIVADO,URBANA,ABIERTA,MONOLINGUE,SIN JORNADA,SEMIPRESENCIAL (FIN DE SEMANA),ALTA VERAPAZ,
105,16-03-0036-46,16-053,ALTA VERAPAZ,SAN CRISTOBAL VERAPAZ,INSTITUTO NACIONAL DE EDUCACION DIVERSIFICADA,BARRIO CHIYUC,,ROBERTO DE JESUS LOPEZ ALVAREZ,,DIVERSIFICADO,OFICIAL,RURAL,ABIERTA,MONOLINGUE,VESPERTINA,DIARIO(REGULAR),ALTA VERAPAZ,
106,16-03-0047-46,16-008,ALTA VERAPAZ,SAN CRISTOBAL VERAPAZ,LICEO SAN CRISTOBAL,"5A. CALLE 4-18 ZONA 1, BARRIO SANTA ANA, SAN CRISTOBAL VERAPAZ",79504134,OLGA MARINA BUC,SONIA MAGALY YAT DELGADO,DIVERSIFICADO,PRIVADO,URBANA,ABIERTA,MONOLINGUE,DOBLE,FIN DE SEMANA,ALTA VERAPAZ,
107,16-03-0056-46,16-008,ALTA VERAPAZ,SAN CRISTOBAL VERAPAZ,INSTITUTO TECNOLOGICO VOCACIONAL MARCO TULIO DE LA CRUZ MORALES,"2A. CALLE ZONA 4, BARRIO SAN FELIPE",79504929,OLGA MARINA BUC,RIGOBERTO HIGINIO SURAM JOM,DIVERSIFICADO,PRIVADO,URBANA,ABIERTA,MONOLINGUE,VESPERTINA,DIARIO(REGULAR),ALTA VERAPAZ,
108,16-03-0076-46,16-008,ALTA VERAPAZ,SAN CRISTOBAL VERAPAZ,COLEGIO MIXTO CIENCIAS TECNOLOGICAS,3A. CALLE 0-43 ZONA 3 BARRIO SAN SEBASTIAN,44848051,OLGA MARINA BUC,CARLOS SALVATIERRA SANTOS,DIVERSIFICADO,PRIVADO,URBANA,CERRADA TEMPORALMENTE,MONOLINGUE,MATUTINA,DIARIO(REGULAR),ALTA VERAPAZ,
109,16-03-0077-46,16-008,ALTA VERAPAZ,SAN CRISTOBAL VERAPAZ,COLEGIO MIXTO CIENCIAS TECNOLOGICAS,3A. CALLE 0-43 ZONA 3 BARRIO SAN SEBASTIAN,77923223,OLGA MARINA BUC,MASSENA OSWALDO SAGASTUME PORTOCARRERO,DIVERSIFICADO,PRIVADO,URBANA,ABIERTA,MONOLINGUE,VESPERTINA,DIARIO(REGULAR),ALTA VERAPAZ,
110,16-03-0082-46,16-008,ALTA VERAPAZ,SAN CRISTOBAL VERAPAZ,COLEGIO MIXTO CIENCIAS TECNOLOGICAS,"3A. CALLE 0-43 ZONA 3, BARRIO SAN SEBASTIAN",59070869,OLGA MARINA BUC,MARCO AUGUSTO JOM CAAL,DIVERSIFICADO,PRIVADO,URBANA,CERRADA TEMPORALMENTE,MONOLINGUE,MATUTINA,DIARIO(REGULAR),ALTA VERAPAZ,
111,16-03-0083-46,16-008,ALTA VERAPAZ,SAN CRISTOBAL VERAPAZ,COLEGIO MIXTO CIENCIAS TECNOLOGICAS,"3A. CALLE 0-43 ZONA 3, BARRIO SAN SEBASTIAN",59070869,OLGA MARINA BUC,MARCO AUGUSTO JOM CAAL,DIVERSIFICADO,PRIVADO,URBANA,CERRADA TEMPORALMENTE,MONOLINGUE,VESPERTINA,DIARIO(REGULAR),ALTA VERAPAZ,
112,16-03-0087-46,16-008,ALTA VERAPAZ,SAN CRISTOBAL VERAPAZ,INSTITUTO NACIONAL DE EDUCACION DIVERSIFICADA CON ORIENTACION EN ARTES Y OFICIOS,CASERIO PANTOCAN,55288589,OLGA MARINA BUC,,DIVERSIFICADO,OFICIAL,RURAL,ABIERTA,BILINGUE,MATUTINA,DIARIO(REGULAR),ALTA VERAPAZ,
113,16-03-0088-46,16-008,ALTA VERAPAZ,SAN CRISTOBAL VERAPAZ,LICEO GALILEO GALILEI,"2A. CALLE, 2A. AVENIDA ZONA 3, BARRIO SAN SEBASTIAN",45160662,OLGA MARINA BUC,MARCO TULIO DE LA CRUZ MORALES,DIVERSIFICADO,PRIVADO,URBANA,CERRADA TEMPORALMENTE,MONOLINGUE,DOBLE,FIN DE SEMANA,ALTA VERAPAZ,
114,16-03-0092-46,16-008,ALTA VERAPAZ,SAN CRISTOBAL VERAPAZ,LICEO DE CIENCIAS APLICADAS DR. CARLOS ALDANA MENDOZA,"4a. AVENIDA, ENTRE O Y 1 CALLE ZONA 4, BARRIO SAN FELIPE",31479184,OLGA MARINA BUC,WENDY DALILA CHOC LOPEZ,DIVERSIFICADO,PRIVADO,URBANA,ABIERTA,MONOLINGUE,VESPERTINA,DIARIO(REGULAR),ALTA VERAPAZ,
115,16-03-0093-46,16-008,ALTA VERAPAZ,SAN CRISTOBAL VERAPAZ,"INSTITUTO TECNOLOGICO VOCACIONAL ""MARCO TULIO DE LA CRUZ MORALES""","2A. CALLE 4-45 ZONA 4, BARRIO SAN FELIPE",79504929,OLGA MARINA BUC,RIGOBERTO HIGINIO SURAM JOM,DIVERSIFICADO,PRIVADO,URBANA,ABIERTA,MONOLINGUE,DOBLE,FIN DE SEMANA,ALTA VERAPAZ,
116,16-03-0095-46,16-008,ALTA VERAPAZ,SAN CRISTOBAL VERAPAZ,COLEGIO MIXTO LA PUPILA DEL CIELO,"2A. AVENIDA 4-56 ZONA 2, COLONIA PANA",33801345,OLGA MARINA BUC,GLENDA YOJANNA GOMEZ SURAM,DIVERSIFICADO,PRIVADO,URBANA,ABIERTA,MONOLINGUE,VESPERTINA,DIARIO(REGULAR),ALTA VERAPAZ,
117,16-03-0097-46,16-008,ALTA VERAPAZ,SAN CRISTOBAL VERAPAZ,COLEGIO MIXTO CIENCIAS TECNOLOGICAS,3A. CALLE 0-43 ZONA 3 BARRIO SAN SEBASTIAN,77923223,OLGA MARINA BUC,MASSENA OSWALDO SAGASTUME PORTOCARRERO,DIVERSIFICADO,PRIVADO,URBANA,ABIERTA,MONOLINGUE,DOBLE,FIN DE SEMANA,ALTA VERAPAZ,
118,16-03-0104-46,16-008,ALTA VERAPAZ,SAN CRISTOBAL VERAPAZ,LICEO DE CIENCIAS APLICADAS DR. CARLOS ALDANA MENDOZA,"4a. AVENIDA, ENTRE O Y 1 CALLE ZONA 4, BARRIO SAN FELIPE",79504090,OLGA MARINA BUC,DELMY DAMARIZ CHOC LOPEZ,DIVERSIFICADO,PRIVADO,URBANA,ABIERTA,MONOLINGUE,MATUTINA,FIN DE SEMANA,ALTA VERAPAZ,
119,16-03-0105-46,16-008,ALTA VERAPAZ,SAN CRISTOBAL VERAPAZ,LICEO DE CIENCIAS APLICADAS DR. CARLOS ALDANA MENDOZA,"4a. AVENIDA, ENTRE O Y 1 CALLE ZONA 4, BARRIO SAN FELIPE",79504090,OLGA MARINA BUC,DELMY DAMARIZ CHOC LOPEZ,DIVERSIFICADO,PRIVADO,URBANA,ABIERTA,MONOLINGUE,DOBLE,FIN DE SEMANA,ALTA VERAPAZ,
120,16-03-0106-46,16-008,ALTA VERAPAZ,SAN CRISTOBAL VERAPAZ,LICEO DE CIENCIAS APLICADAS DR. CARLOS ALDANA MENDOZA,"4a. AVENIDA, ENTRE O Y 1 CALLE ZONA 4, BARRIO SAN FELIPE",79504090,OLGA MARINA BUC,JUAN GABRIEL CAL SURAM,DIVERSIFICADO,PRIVADO,URBANA,ABIERTA,MONOLINGUE,DOBLE,DIARIO(REGULAR),ALTA VERAPAZ,
121,16-03-0108-46,16-008,ALTA VERAPAZ,SAN CRISTOBAL VERAPAZ,COLEGIO MIXTO CIENCIAS TECNOLOGICAS,"3A. CALLE 0-43 ZONA 3, BARRIO SAN SEBASTIAN",77923223,OLGA MARINA BUC,MASSENA OSWALDO SAGASTUME PORTOCARRERO,DIVERSIFICADO,PRIVADO,URBANA,CERRADA TEMPORALMENTE,MONOLINGUE,MATUTINA,FIN DE SEMANA,ALTA VERAPAZ,
122,16-03-0109-46,16-008,ALTA VERAPAZ,SAN CRISTOBAL VERAPAZ,COLEGIO MIXTO CIENCIAS TECNOLOGICAS,"3A. CALLE 0-43 ZONA 3, BARRIO SAN SEBASTIAN",77923223,OLGA MARINA BUC,MYNOR WALTER JOM COY,DIVERSIFICADO,PRIVADO,URBANA,CERRADA TEMPORALMENTE,MONOLINGUE,NOCTURNA,DIARIO(REGULAR),ALTA VERAPAZ,
123,16-03-0110-46,16-008,ALTA VERAPAZ,SAN CRISTOBAL VERAPAZ,LICEO GALILEO GALILEI,"2A. CALLE, 2A. AVENIDA ZONA 3, BARRIO SAN SEBASTIAN",79504337,OLGA MARINA BUC,MARCO TULIO DE LA CRUZ MORALES,DIVERSIFICADO,PRIVADO,URBANA,ABIERTA,MONOLINGUE,DOBLE,DIARIO(REGULAR),ALTA VERAPAZ,
124,16-03-0139-46,16-008,ALTA VERAPAZ,SAN CRISTOBAL VERAPAZ,"INSTITUTO TECNOLOGICO VOCACIONAL ""MARCO TULIO DE LA CRUZ MORALES""","2A. CALLE 4-45 ZONA 4, BARRIO SAN FELIPE",79504929,OLGA MARINA BUC,RIGOBERTO HIGINIO SURAM JOM,DIVERSIFICADO,PRIVADO,URBANA,ABIERTA,MONOLINGUE,SIN JORNADA,SEMIPRESENCIAL (FIN DE SEMANA),ALTA VERAPAZ,
125,16-03-0158-46,16-050,ALTA VERAPAZ,SAN CRISTOBAL VERAPAZ,CENTRO DE EDUCACION EXTRAESCOLAR -CEEX-,COLONIA PANTOCAN,46280307,MAXIMILIANO CHUB ICAL,SARA FLORIDALMA CU TIUL,DIVERSIFICADO,PRIVADO,RURAL,ABIERTA,BILINGUE,DOBLE,SEMIPRESENCIAL,ALTA VERAPAZ,
126,16-03-0243-46,16-008,ALTA VERAPAZ,SAN CRISTOBAL VERAPAZ,COLEGIO MIXTO CIENCIAS TECNOLOGICAS,"3A. CALLE 0-43 ZONA 3, BARRIO SAN SEBASTIAN",41705134,OLGA MARINA BUC,MASSENA OSWALDO SAGASTUME PORTOCARRERO,DIVERSIFICADO,PRIVADO,URBANA,ABIERTA,MONOLINGUE,SIN JORNADA,SEMIPRESENCIAL (FIN DE SEMANA),ALTA VERAPAZ,
127,16-03-0245-46,16-008,ALTA VERAPAZ,SAN CRISTOBAL VERAPAZ,LICEO DE CIENCIAS APLICADAS DR. CARLOS ALDANA MENDOZA,"4A. AVENIDA, ENTRE 0 Y 1 CALLE ZONA 4, BARRIO SAN FELIPE",31479184,OLGA MARINA BUC,DELMY DAMARIZ CHOC LOPEZ,DIVERSIFICADO,PRIVADO,URBANA,ABIERTA,MONOLINGUE,SIN JORNADA,SEMIPRESENCIAL (FIN DE SEMANA),ALTA VERAPAZ,
128,16-03-0247-46,16-008,ALTA VERAPAZ,SAN CRISTOBAL VERAPAZ,LICEO GALILEO GALILEI,"2A. CALLE 2A. AVENIDA ZONA 3, BARRIO SAN SEBASTIAN",45160622,OLGA MARINA BUC,MARCO TULIO DE LA CRUZ MORALES,DIVERSIFICADO,PRIVADO,URBANA,ABIERTA,MONOLINGUE,SIN JORNADA,SEMIPRESENCIAL (FIN DE SEMANA),ALTA VERAPAZ,
129,16-03-1388-46,16-008,ALTA VERAPAZ,SAN CRISTOBAL VERAPAZ,COLEGIO 'MESON',8A. AVENIDA 6-00 ZONA 1,79504027,OLGA MARINA BUC,LUIS EMILIO SOLARES MARROQUIN,DIVERSIFICADO,PRIVADO,URBANA,ABIERTA,MONOLINGUE,MATUTINA,DIARIO(REGULAR),ALTA VERAPAZ,
130,16-03-1429-46,16-008,ALTA VERAPAZ,SAN CRISTOBAL VERAPAZ,LICEO GALILEO GALILEI,"2A. CALLE, 2A. AVENIDA ZONA 3, BARRIO SAN SEBASTIAN",79504337,OLGA MARINA BUC,MARCO TULIO DE LA CRUZ MORALES,DIVERSIFICADO,PRIVADO,URBANA,ABIERTA,MONOLINGUE,VESPERTINA,DIARIO(REGULAR),ALTA VERAPAZ,
131,16-03-1520-46,16-008,ALTA VERAPAZ,SAN CRISTOBAL VERAPAZ,LICEO GALILEO GALILEI,"2A. CALLE, 2A. AVENIDA ZONA 3, BARRIO SAN SEBASTIAN",45160662,OLGA MARINA BUC,MARCO TULIO DE LA CRUZ MORALES,DIVERSIFICADO,PRIVADO,URBANA,ABIERTA,MONOLINGUE,DOBLE,FIN DE SEMANA,ALTA VERAPAZ,
132,16-03-1607-46,16-008,ALTA VERAPAZ,SAN CRISTOBAL VERAPAZ,LICEO GALILEO GALILEI,1A. AVENIDA 3-62 ZONA 4 BARRIO SAN FELIPE,56377425,OLGA MARINA BUC,,DIVERSIFICADO,PRIVADO,URBANA,CERRADA TEMPORALMENTE,MONOLINGUE,NOCTURNA,DIARIO(REGULAR),ALTA VERAPAZ,
133,16-03-9884-46,16-008,ALTA VERAPAZ,SAN CRISTOBAL VERAPAZ,LICEO SAN CRISTOBAL,0 AVENIDA 1-71 ZONA 5 BARRIO SAN CRISTOBAL,79504134,OLGA MARINA BUC,,DIVERSIFICADO,PRIVADO,URBANA,CERRADA TEMPORALMENTE,MONOLINGUE,VESPERTINA,DIARIO(REGULAR),ALTA VERAPAZ,
134,16-03-9885-46,16-008,ALTA VERAPAZ,SAN CRISTOBAL VERAPAZ,LICEO SAN CRISTOBAL,0 AVENIDA 1-71 ZONA 5 BARRIO SAN CRISTOBAL,79504134,OLGA MARINA BUC,,DIVERSIFICADO,PRIVADO,URBANA,CERRADA TEMPORALMENTE,MONOLINGUE,VESPERTINA,DIARIO(REGULAR),ALTA VERAPAZ,
135,16-03-9886-46,16-008,ALTA VERAPAZ,SAN CRISTOBAL VERAPAZ,LICEO SAN CRISTOBAL,0 AVENIDA 1-71 ZONA 5 BARRIO SAN CRISTOBAL,79504134,OLGA MARINA BUC,,DIVERSIFICADO,PRIVADO,URBANA,CERRADA TEMPORALMENTE,MONOLINGUE,MATUTINA,FIN DE SEMANA,ALTA VERAPAZ,
136,16-04-0036-46,16-009,ALTA VERAPAZ,TACTIC,INSTITUTO AKALTIC,0 CALLE B OC-150 ZONA 4,79539043,WILSON EDWIN OSWALDO CAAL CHO,CONCHA DE PELAEZ,DIVERSIFICADO,PRIVADO,URBANA,CERRADA TEMPORALMENTE,BILINGUE,DOBLE,DIARIO(REGULAR),ALTA VERAPAZ,
137,16-04-0041-46,16-011,ALTA VERAPAZ,TACTIC,COLEGIO PARTICULAR MIXTO BLAISE PASCAL,5A. AVENIDA 2-35 ZONA 1,56294302,BENJAMIN JUC BOTZOC,GUILLERMO ALFREDO PORTOCARRERO,DIVERSIFICADO,PRIVADO,URBANA,CERRADA TEMPORALMENTE,MONOLINGUE,NOCTURNA,DIARIO(REGULAR),ALTA VERAPAZ,
138,16-04-0042-46,16-009,ALTA VERAPAZ,TACTIC,COLEGIO CRISTIANO PARTICULAR MIXTO VIDA,"CANTON CHIJACORRAL, ZONA 7",79529275,WILSON EDWIN OSWALDO CAAL CHO,THELMA FLORIDALMA FERNANDEZ MOYA,DIVERSIFICADO,PRIVADO,URBANA,CERRADA TEMPORALMENTE,MONOLINGUE,VESPERTINA,DIARIO(REGULAR),ALTA VERAPAZ,
139,16-04-0046-46,16-009,ALTA VERAPAZ,TACTIC,COLEGIO PARTICULAR MIXTO BLAISE PASCAL,"4A. CALLE 09-103, ZONA 1",79539955,WILSON EDWIN OSWALDO CAAL CHO,BLANCA FLORIDALMA QUEJ CHIQUIN,DIVERSIFICADO,PRIVADO,URBANA,ABIERTA,MONOLINGUE,DOBLE,FIN DE SEMANA,ALTA VERAPAZ,
140,16-04-0049-46,16-009,ALTA VERAPAZ,TACTIC,INSTITUTO AKALTIC,0 CALLE B OC-150 ZONA 4,79539043,WILSON EDWIN OSWALDO CAAL CHO,CONCHA YOLANDA PONCE DE PELAEZ,DIVERSIFICADO,PRIVADO,URBANA,CERRADA TEMPORALMENTE,MONOLINGUE,DOBLE,FIN DE SEMANA,ALTA VERAPAZ,
141,16-04-0050-46,16-009,ALTA VERAPAZ,TACTIC,INSTITUTO AKALTIC,"0 CALLE B OC-150, ZONA 4",79539043,WILSON EDWIN OSWALDO CAAL CHO,,DIVERSIFICADO,PRIVADO,URBANA,ABIERTA,MONOLINGUE,MATUTINA,DIARIO(REGULAR),ALTA VERAPAZ,
142,16-04-0062-46,16-009,ALTA VERAPAZ,TACTIC,INSTITUTO NACIONAL DE EDUCACION DIVERSIFICADA,CANTON CHIJACORRAL,50443851,WILSON EDWIN OSWALDO CAAL CHO,,DIVERSIFICADO,OFICIAL,URBANA,ABIERTA,MONOLINGUE,MATUTINA,DIARIO(REGULAR),ALTA VERAPAZ,
143,16-04-0064-46,16-009,ALTA VERAPAZ,TACTIC,COLEGIO NUESTRA SENORA DE LA ASUNCION,"0 CALLE ""C"" 4-29 ZONA 4, BARRIO CHAMCHE",79529368,WILSON EDWIN OSWALDO CAAL CHO,MARIA ANGELICA CASTILLO DE MOINO,DIVERSIFICADO,PRIVADO,URBANA,ABIERTA,MONOLINGUE,VESPERTINA,DIARIO(REGULAR),ALTA VERAPAZ,
144,16-04-0068-46,16-009,ALTA VERAPAZ,TACTIC,COLEGIO CRISTIANO PARTICULAR MIXTO VIDA,"1A. AVENIDA 6-73 ZONA 7, CANTON CHIJACORRAL",79529275,WILSON EDWIN OSWALDO CAAL CHO,EVELIN MARISOL DONIS BIN,DIVERSIFICADO,PRIVADO,URBANA,ABIERTA,MONOLINGUE,DOBLE,DIARIO(REGULAR),ALTA VERAPAZ,
145,16-04-0072-46,16-009,ALTA VERAPAZ,TACTIC,COLEGIO PRIVADO MIXTO LA ENSENANZA,"12 AV. A 4-30, ZONA 3, BARRIO ASUNCION",79539069,WILSON EDWIN OSWALDO CAAL CHO,MAYRA MAGDALENA YAT CHON,DIVERSIFICADO,PRIVADO,URBANA,ABIERTA,MONOLINGUE,DOBLE,FIN DE SEMANA,ALTA VERAPAZ,
146,16-04-0078-46,16-009,ALTA VERAPAZ,TACTIC,COLEGIO PRIVADO MIXTO LA ENSENANZA,12 AVENIDA A 4-30 ZONA 3,79539069,WILSON EDWIN OSWALDO CAAL CHO,MAYRA MAGDALENA YAT CHON,DIVERSIFICADO,PRIVADO,URBANA,CERRADA TEMPORALMENTE,MONOLINGUE,DOBLE,FIN DE SEMANA,ALTA VERAPAZ,
147,16-04-0079-46,16-009,ALTA VERAPAZ,TACTIC,COLEGIO NUESTRA SENORA DE LA ASUNCION,"2A. AVE. 02-053 ZONA 2, BARRIO SAN JACINTO",79529368,WILSON EDWIN OSWALDO CAAL CHO,MARIA ANGELICA CASTILLO DE MOINO,DIVERSIFICADO,PRIVADO,URBANA,CERRADA TEMPORALMENTE,MONOLINGUE,MATUTINA,FIN DE SEMANA,ALTA VERAPAZ,
148,16-04-0080-46,16-009,ALTA VERAPAZ,TACTIC,COLEGIO NUESTRA SENORA DE LA ASUNCION,"2A. AVE. 02-053 ZONA 2, BARRIO SAN JACINTO",79529368,WILSON EDWIN OSWALDO CAAL CHO,MARIA ANGELICA CASTILLO MARTINEZ,DIVERSIFICADO,PRIVADO,URBANA,CERRADA TEMPORALMENTE,MONOLINGUE,DOBLE,FIN DE SEMANA,ALTA VERAPAZ,
149,16-04-0118-46,16-009,ALTA VERAPAZ,TACTIC,COLEGIO NUESTRA SENORA DE LA ASUNCION,"O CALLE ""C"" 4-29 ZONA 4, BARRIO CHAMCHE",54238753,WILSON EDWIN OSWALDO CAAL CHO,MARIA ANGELICA CSTILLO MARTINEZ,DIVERSIFICADO,PRIVADO,URBANA,CERRADA TEMPORALMENTE,MONOLINGUE,SIN JORNADA,SEMIPRESENCIAL (FIN DE SEMANA),ALTA VERAPAZ,
150,16-04-0120-46,16-009,ALTA VERAPAZ,TACTIC,COLEGIO PARTICULAR MIXTO BLAISE PASCAL,"4A. CALLE 09-103, ZONA 1",59984909,WILSON EDWIN OSWALDO CAAL CHO,BLANCA FLORIDALMA QUEJ CHIQUIN,DIVERSIFICADO,PRIVADO,URBANA,ABIERTA,MONOLINGUE,SIN JORNADA,SEMIPRESENCIAL (FIN DE SEMANA),ALTA VERAPAZ,
151,16-04-0122-46,16-009,ALTA VERAPAZ,TACTIC,COLEGIO PRIVADO MIXTO LA ENSENANZA,"12A. AVENIDA ""A"" 4-30 ZONA 2, BARRIO ASUNCION",79539069,WILSON EDWIN OSWALDO CAAL CHO,MAYRA MAGDALENA YAT CHON,DIVERSIFICADO,PRIVADO,URBANA,ABIERTA,MONOLINGUE,SIN JORNADA,SEMIPRESENCIAL (FIN DE SEMANA),ALTA VERAPAZ,
152,16-04-0124-46,16-009,ALTA VERAPAZ,TACTIC,INSTITUTO AKALTIC,"0 CALLE B OC-150, ZONA 4",58536938,WILSON EDWIN OSWALDO CAAL CHO,ANA ELIZA PELAEZ PONCE,DIVERSIFICADO,PRIVADO,URBANA,ABIERTA,MONOLINGUE,SIN JORNADA,SEMIPRESENCIAL (FIN DE SEMANA),ALTA VERAPAZ,
153,16-04-1233-46,16-009,ALTA VERAPAZ,TACTIC,COLEGIO PARTICULAR MIXTO BLAISE PASCAL,4A. AVENIDA 0 CALLE -176 ZONA 4,79539955,WILSON EDWIN OSWALDO CAAL CHO,,DIVERSIFICADO,PRIVADO,URBANA,ABIERTA,MONOLINGUE,DOBLE,FIN DE SEMANA,ALTA VERAPAZ,
154,16-04-1235-46,16-009,ALTA VERAPAZ,TACTIC,COLEGIO PARTICULAR MIXTO BLAISE PASCAL,"4A. CALLE 09-103, ZONA 1",79539955,WILSON EDWIN OSWALDO CAAL CHO,CLAUDIA NINETH DUBON CASTANEDA,DIVERSIFICADO,PRIVADO,URBANA,ABIERTA,MONOLINGUE,MATUTINA,DIARIO(REGULAR),ALTA VERAPAZ,
155,16-04-1709-46,16-009,ALTA VERAPAZ,TACTIC,INSTITUTO PRIVADO MIXTO DE EDUCACION DIVERSIFICADA LICEO TACTIC JV,BARRIO ASUNCION,,WILSON EDWIN OSWALDO CAAL CHO,,DIVERSIFICADO,PRIVADO,URBANA,TEMPORAL NOMBRAMIENTO,MONOLINGUE,VESPERTINA,DIARIO(REGULAR),ALTA VERAPAZ,
156,16-04-2308-46,16-009,ALTA VERAPAZ,TACTIC,INSTITUTO AKALTIC,"O CALLE B OC-150, ZONA 4.",79539043,WILSON EDWIN OSWALDO CAAL CHO,ANA ELIZA PELAEZ,DIVERSIFICADO,PRIVADO,URBANA,ABIERTA,MONOLINGUE,VESPERTINA,DIARIO(REGULAR),ALTA VERAPAZ,
157,16-04-8321-46,16-009,ALTA VERAPAZ,TACTIC,INSTITUTO AKALTIC,0 CALLE B OC 150 ZONA 4 DE LA VILLA DE TACTIC,79539043,WILSON EDWIN OSWALDO CAAL CHO,,DIVERSIFICADO,PRIVADO,URBANA,ABIERTA,MONOLINGUE,DOBLE,FIN DE SEMANA,ALTA VERAPAZ,
158,16-04-8322-46,16-009,ALTA VERAPAZ,TACTIC,COLEGIO PRIVADO MIXTO LA ENSENANZA,12 AV. 4-30 ZONA 3,79539069,WILSON EDWIN OSWALDO CAAL CHO,MAYRA MAGDALENA YAT CHON,DIVERSIFICADO,PRIVADO,RURAL,ABIERTA,MONOLINGUE,VESPERTINA,DIARIO(REGULAR),ALTA VERAPAZ,
159,16-04-8324-46,16-004,ALTA VERAPAZ,TACTIC,COLEGIO PRIVADO MIXTO LA ENSENANZA,BARRIO LA ASUNCION DE LA VILLA DE TACTIC,,ALFONZO SI XOL,,DIVERSIFICADO,PRIVADO,RURAL,CERRADA TEMPORALMENTE,MONOLINGUE,NOCTURNA,DIARIO(REGULAR),ALTA VERAPAZ,
160,16-04-9906-46,16-009,ALTA VERAPAZ,TACTIC,COLEGIO PRIVADO MIXTO LA ENSENANZA,12 AV. A 4-30 ZONA 3,79539069,WILSON EDWIN OSWALDO CAAL CHO,MAYRA MAGDALENA YAT CHON,DIVERSIFICADO,PRIVADO,URBANA,ABIERTA,MONOLINGUE,DOBLE,DIARIO(REGULAR),ALTA VERAPAZ,
161,16-05-0017-46,16-010,ALTA VERAPAZ,TAMAHU,INSTITUTO NACIONAL DE EDUCACION DIVERSIFICADA,TAMAHU,58034583,PATRICIO NAJARRO ASENCIO,,DIVERSIFICADO,OFICIAL,URBANA,ABIERTA,MONOLINGUE,VESPERTINA,DIARIO(REGULAR),ALTA VERAPAZ,
162,16-05-9091-46,16-010,ALTA VERAPAZ,TAMAHU,INSTITUTO MIXTO MUNICIPAL DE MAGISTERIO BILINGUE,BARRIO CENTRO,50615709,PATRICIO NAJARRO ASENCIO,,DIVERSIFICADO,MUNICIPAL,URBANA,ABIERTA,BILINGUE,VESPERTINA,DIARIO(REGULAR),ALTA VERAPAZ,
163,16-06-0090-46,16-011,ALTA VERAPAZ,SAN MIGUEL TUCURU,INSTITUTO NACIONAL DE EDUCACION DIVERSIFICADA,BARRIO EL CENTRO,57611065,BENJAMIN JUC BOTZOC,LEONEL VICTORIANO GUZMAN ARGUETA,DIVERSIFICADO,OFICIAL,URBANA,ABIERTA,BILINGUE,VESPERTINA,DIARIO(REGULAR),ALTA VERAPAZ,
164,16-06-0103-46,16-046,ALTA VERAPAZ,SAN MIGUEL TUCURU,"CENTRO DE FORMACION ACADEMICA, TECNOLOGICA Y OCUPACIONAL ""JACK & MARIE EITING""",LOTE NO. 42 CASERIO NUEVA ESPERANZA,30647842,JORGE ALBERTO CAAL BOL,GABRIELA ALEJANDRA URIZAR RUBIO,DIVERSIFICADO,PRIVADO,RURAL,ABIERTA,MONOLINGUE,MATUTINA,DIARIO(REGULAR),ALTA VERAPAZ,
165,16-06-0104-46,16-046,ALTA VERAPAZ,SAN MIGUEL TUCURU,"CENTRO DE FORMACION ACADEMICA, TECNOLOGICA Y OCUPACIONAL ""JACK & MARIE EITING""",LOTE NO. 42 CASERIO NUEVA ESPERANZA,30647842,JORGE ALBERTO CAAL BOL,GABRIELA ALEJANDRA URIZAR RUBIO,DIVERSIFICADO,PRIVADO,RURAL,ABIERTA,MONOLINGUE,DOBLE,FIN DE SEMANA,ALTA VERAPAZ,
166,16-06-0106-46,16-046,ALTA VERAPAZ,SAN MIGUEL TUCURU,"CENTRO DE FORMACION ACADEMICA, TECNOLOGICA Y OCUPACIONAL ""JACK & MARIE EITING""","LOTE NO. 42, CASERIO NUEVA ESPERANZA",30644784,JORGE ALBERTO CAAL BOL,GABRIELA ALEJANDRA URIZAR RUBIO,DIVERSIFICADO,PRIVADO,RURAL,ABIERTA,MONOLINGUE,VESPERTINA,DIARIO(REGULAR),ALTA VERAPAZ,
167,16-06-2398-46,16-011,ALTA VERAPAZ,SAN MIGUEL TUCURU,INSTITUTO PRIVADO MIXTO DE MAGISTERIO BILINGUE TUKUR,CANTON LA PLAYA,,BENJAMIN JUC BOTZOC,BENJAMIN JUC BOTZOC,DIVERSIFICADO,PRIVADO,URBANA,ABIERTA,MONOLINGUE,VESPERTINA,DIARIO(REGULAR),ALTA VERAPAZ,
168,16-07-0117-46,16-012,ALTA VERAPAZ,PANZOS,INSTITUTO NACIONAL DE EDUCACION DIVERSIFICADA,BARRIO SAN JUAN,57036563,CARLOS ENRIQUE GARCIA BAILEY,,DIVERSIFICADO,OFICIAL,RURAL,ABIERTA,MONOLINGUE,MATUTINA,DIARIO(REGULAR),ALTA VERAPAZ,
169,16-07-0181-46,16-036,ALTA VERAPAZ,PANZOS,COLEGIO MIXTO MESOAMERICANO,"BARRIO EL CENTRO, ALDEA TELEMAN",48067726,JOSE LUIS XI CUCUL,LUIS ANTONIO CHOC CO,DIVERSIFICADO,PRIVADO,RURAL,ABIERTA,MONOLINGUE,VESPERTINA,DIARIO(REGULAR),ALTA VERAPAZ,
170,16-07-0194-46,16-012,ALTA VERAPAZ,PANZOS,COLEGIO PRIVADO MIXTO JUAN AMOS COMENIO,BARRIO SAN SEBASTIAN,40856113,CARLOS ENRIQUE GARCIA BAILEY,MARCELINO CAZ MUCU,DIVERSIFICADO,PRIVADO,RURAL,ABIERTA,MONOLINGUE,MATUTINA,DIARIO(REGULAR),ALTA VERAPAZ,
171,16-07-0195-46,16-012,ALTA VERAPAZ,PANZOS,COLEGIO PRIVADO MIXTO JUAN AMOS COMENIO,BARRIO SAN SEBASTIAN,40856113,CARLOS ENRIQUE GARCIA BAILEY,MARCELINO CAZ MUCU,DIVERSIFICADO,PRIVADO,RURAL,ABIERTA,MONOLINGUE,NOCTURNA,DIARIO(REGULAR),ALTA VERAPAZ,
172,16-07-0196-46,16-036,ALTA VERAPAZ,PANZOS,COLEGIO MIXTO VALLE DEL POLOCHIC,"INSTALACIONES QUE OCUPA EL INSTITUTO DE EDUCACION BASICA POR COOPERATIVA DE ENSENANZA, ALDEA TELEMAN",30449848,JOSE LUIS XI CUCUL,JOEL ESTEBAN ZEPEDA CAAL,DIVERSIFICADO,PRIVADO,RURAL,CERRADA TEMPORALMENTE,MONOLINGUE,MATUTINA,FIN DE SEMANA,ALTA VERAPAZ,
173,16-07-0197-46,16-036,ALTA VERAPAZ,PANZOS,COLEGIO MIXTO VALLE DEL POLOCHIC,"INSTALACIONES QUE OCUPA EL INSTITUTO DE EDUCACION BASICA POR COOPERATIVA DE ENSENANZA, ALDEA TELEMAN",30498487,JOSE LUIS XI CUCUL,JOEL ESTABAN ZEPEDA CAAL,DIVERSIFICADO,PRIVADO,RURAL,ABIERTA,BILINGUE,DOBLE,FIN DE SEMANA,ALTA VERAPAZ,
174,16-07-0206-46,16-012,ALTA VERAPAZ,PANZOS,COLEGIO PRIVADO LICEO POLOCHIC,ALDEA TELEMAN,53318658,CARLOS ENRIQUE GARCIA BAILEY,,DIVERSIFICADO,PRIVADO,RURAL,ABIERTA,MONOLINGUE,DOBLE,FIN DE SEMANA,ALTA VERAPAZ,
175,16-07-0207-46,16-012,ALTA VERAPAZ,PANZOS,COLEGIO PRIVADO LICEO POLOCHIC,ALDEA TELEMAN,57036563,CARLOS ENRIQUE GARCIA BAILEY,,DIVERSIFICADO,PRIVADO,RURAL,CERRADA TEMPORALMENTE,MONOLINGUE,MATUTINA,DIARIO(REGULAR),ALTA VERAPAZ,
176,16-07-0209-46,16-036,ALTA VERAPAZ,PANZOS,COLEGIO MIXTO MESOAMERICANO,ALDEA TELEMAN,37311196,JOSE LUIS XI CUCUL,LUIS ARTURO CHUB COC,DIVERSIFICADO,PRIVADO,URBANA,CERRADA TEMPORALMENTE,MONOLINGUE,MATUTINA,FIN DE SEMANA,ALTA VERAPAZ,
177,16-07-0211-46,16-050,ALTA VERAPAZ,PANZOS,CENTRO DE EDUCACION EXTRAESCOLAR -CEEX-,"BARRIO LA ESCUELA, TELEMAN",32945952,MAXIMILIANO CHUB ICAL,AUGUSTO XOL XOL,DIVERSIFICADO,PRIVADO,RURAL,ABIERTA,BILINGUE,DOBLE,SEMIPRESENCIAL,ALTA VERAPAZ,
178,16-07-0213-46,16-012,ALTA VERAPAZ,PANZOS,COLEGIO PRIVADO LICEO POLOCHIC,ALDEA TELEMAN,53318658,CARLOS ENRIQUE GARCIA BAILEY,HECTOR MAQUIM CAAL,DIVERSIFICADO,PRIVADO,RURAL,ABIERTA,MONOLINGUE,SIN JORNADA,SEMIPRESENCIAL (FIN DE SEMANA),ALTA VERAPAZ,
179,16-07-0214-46,16-036,ALTA VERAPAZ,PANZOS,COLEGIO MIXTO VALLE DEL POLOCHIC,"INSTALACIONES DEL INSTITUTO DE EDUCACION BASICA POR COOPERATIVA DE ENSENANZA, ALDEA TELEMAN",30498487,JOSE LUIS XI CUCUL,JOEL ESTEBAN ZEPEDA CAAL,DIVERSIFICADO,PRIVADO,RURAL,ABIERTA,MONOLINGUE,SIN JORNADA,SEMIPRESENCIAL (FIN DE SEMANA),ALTA VERAPAZ,
180,16-07-0215-46,16-036,ALTA VERAPAZ,PANZOS,COLEGIO PRIVADO MIXTO SAGRADO CORAZON DEL POLOCHIC,"BARRIO LA ESCUELA, ALDEA TELEMAN",33712014,JOSE LUIS XI CUCUL,REYNA AZUCENA CHINCHILLA TIUL,DIVERSIFICADO,PRIVADO,RURAL,ABIERTA,MONOLINGUE,VESPERTINA,DIARIO(REGULAR),ALTA VERAPAZ,
181,16-07-0216-46,16-036,ALTA VERAPAZ,PANZOS,COLEGIO PRIVADO MIXTO SAGRADO CORAZON DEL POLOCHIC,"BARRIO LA ESCUELA, ALDEA TELEMAN",33712014,JOSE LUIS XI CUCUL,REYNA AZUCENA CHINCHILLA TIUL,DIVERSIFICADO,PRIVADO,RURAL,ABIERTA,MONOLINGUE,DOBLE,FIN DE SEMANA,ALTA VERAPAZ,
182,16-07-0217-46,16-036,ALTA VERAPAZ,PANZOS,COLEGIO PRIVADO MIXTO SAGRADO CORAZON DEL POLOCHIC,"BARRIO LA ESCUELA, ALDEA TELEMAN",33712014,JOSE LUIS XI CUCUL,REYNA AZUCENA CHINCHILLA TIUL,DIVERSIFICADO,PRIVADO,RURAL,ABIERTA,MONOLINGUE,SIN JORNADA,SEMIPRESENCIAL (FIN DE SEMANA),ALTA VERAPAZ,
183,16-07-0221-46,16-012,ALTA VERAPAZ,PANZOS,LICEO TECNOLOGICO CAHABONCITO -LITEC-,ALDEA CAHABONCITO,37311196,CARLOS ENRIQUE GARCIA BAILEY,ARITIDES EFREN LOPEZ GOMEZ,DIVERSIFICADO,PRIVADO,RURAL,ABIERTA,MONOLINGUE,DOBLE,FIN DE SEMANA,ALTA VERAPAZ,
184,16-07-9096-46,16-012,ALTA VERAPAZ,PANZOS,COLEGIO PRIVADO MIXTO JUAN AMOS COMENIO,BARRIO SAN SEBASTIAN,40856113,CARLOS ENRIQUE GARCIA BAILEY,,DIVERSIFICADO,PRIVADO,RURAL,ABIERTA,MONOLINGUE,VESPERTINA,DIARIO(REGULAR),ALTA VERAPAZ,
185,16-07-9103-46,16-036,ALTA VERAPAZ,PANZOS,CENTRO EDUCATIVO SAN MARTIN DE PORRES,ALDEA TELEMAN,32073601,JOSE LUIS XI CUCUL,,DIVERSIFICADO,PRIVADO,RURAL,ABIERTA,BILINGUE,VESPERTINA,DIARIO(REGULAR),ALTA VERAPAZ,
186,16-07-9639-46,16-012,ALTA VERAPAZ,PANZOS,INSTITUTO PRIVADO MIXTO PRIMARIA BILINGUE AJ KUTUNEL,BARRIO EL MAU,50673199,CARLOS ENRIQUE GARCIA BAILEY,,DIVERSIFICADO,PRIVADO,URBANA,ABIERTA,BILINGUE,VESPERTINA,DIARIO(REGULAR),ALTA VERAPAZ,
187,16-08-0182-46,16-007,ALTA VERAPAZ,SENAHU,INSTITUTO MIXTO DE EDUCACION BILINGUE INTERCULTURAL -IMEBI-,COLONIA 30 DE MAYO,40408287,ARMANDO AUDILIO POP CUCUL,JORGE ERWIN CUCUL QUIB,DIVERSIFICADO,PRIVADO,URBANA,CERRADA TEMPORALMENTE,BILINGUE,DOBLE,FIN DE SEMANA,ALTA VERAPAZ,
188,16-08-0183-46,16-013,ALTA VERAPAZ,SENAHU,CENTRO EDUCATIVO SAN MATEO,BARRIO SAN ANTONIO,30895016,OSCAR ANIBAL GARCIA HUMBLERS,CELIA EMPERATRIZ BUENAFE CUZ,DIVERSIFICADO,PRIVADO,URBANA,ABIERTA,MONOLINGUE,MATUTINA,DIARIO(REGULAR),ALTA VERAPAZ,
189,16-08-0199-46,16-041,ALTA VERAPAZ,SENAHU,INSTITUTO NACIONAL DE EDUCACION DIVERSIFICADA,COMUNIDAD LA MONTANESA,79510080,ABNER DAVID CHIQUN TURCIOS,ARTURO ICO CHOLOM,DIVERSIFICADO,OFICIAL,RURAL,ABIERTA,BILINGUE,VESPERTINA,DIARIO(REGULAR),ALTA VERAPAZ,
190,16-08-0204-46,16-042,ALTA VERAPAZ,SENAHU,INSTITUTO NACIONAL DE EDUCACION DIVERSIFICADA,COOPERATIVA CHIREAJ,44827126,JORGE ERWIN CUCUL QUIB,,DIVERSIFICADO,OFICIAL,RURAL,ABIERTA,BILINGUE,VESPERTINA,DIARIO(REGULAR),ALTA VERAPAZ,
191,16-08-0205-46,16-040,ALTA VERAPAZ,SENAHU,INSTITUTO NACIONAL DE EDUCACION DIVERSIFICADA,COOPERATIVA SANTA MARIA SAN MARCOS,42128025,DULLIER CLEMENTE BOL BAC,,DIVERSIFICADO,OFICIAL,RURAL,ABIERTA,BILINGUE,VESPERTINA,DIARIO(REGULAR),ALTA VERAPAZ,
192,16-08-0206-46,16-040,ALTA VERAPAZ,SENAHU,INSTITUTO NACIONAL DE EDUCACION DIVERSIFICADA,COOPERATIVA ACTELA,33000059,DULLIER CLEMENTE BOL BAC,,DIVERSIFICADO,OFICIAL,RURAL,ABIERTA,BILINGUE,VESPERTINA,DIARIO(REGULAR),ALTA VERAPAZ,
193,16-08-0207-46,16-042,ALTA VERAPAZ,SENAHU,INSTITUTO NACIONAL DE EDUCACION DIVERSIFICADA,ALDEA YALIJUX,31977089,JORGE ERWIN CUCUL QUIB,,DIVERSIFICADO,OFICIAL,RURAL,ABIERTA,BILINGUE,VESPERTINA,DIARIO(REGULAR),ALTA VERAPAZ,
194,16-08-0208-46,16-013,ALTA VERAPAZ,SENAHU,INSTITUTO NACIONAL DE EDUCACION DIVERSIFICADA,BARRIO EL CENTRO,48939361,OSCAR ANIBAL GARCIA HUMBLERS,,DIVERSIFICADO,OFICIAL,URBANA,ABIERTA,BILINGUE,VESPERTINA,DIARIO(REGULAR),ALTA VERAPAZ,
195,16-08-0209-46,16-042,ALTA VERAPAZ,SENAHU,INSTITUTO NACIONAL DE EDUCACION DIVERSIFICADA,COOPERATIVA SEMARAC I,49630930,JORGE ERWIN CUCUL QUIB,,DIVERSIFICADO,OFICIAL,RURAL,ABIERTA,BILINGUE,VESPERTINA,DIARIO(REGULAR),ALTA VERAPAZ,
196,16-08-0216-46,16-050,ALTA VERAPAZ,SENAHU,CENTRO DE EDUCACION EXTRAESCOLAR,SENAHU,49080250,MAXIMILIANO CHUB ICAL,ALEX GEOVANI JAVIER QUIM TIUL,DIVERSIFICADO,OFICIAL,RURAL,ABIERTA,BILINGUE,DOBLE,SEMIPRESENCIAL,ALTA VERAPAZ,
197,16-08-0218-46,16-013,ALTA VERAPAZ,SENAHU,"CENTRO DE ESTUDIOS PREUNIVERSITARIO CAHABON-SENAHU ""CEPREC SENAHU""",BARRIO LA PROVIDENCIA,45353648,OSCAR ANIBAL GARCIA HUMBLERS,SERGIO JARIRON CUCUL QUIB,DIVERSIFICADO,PRIVADO,URBANA,ABIERTA,MONOLINGUE,VESPERTINA,DIARIO(REGULAR),ALTA VERAPAZ,
198,16-08-0220-46,16-013,ALTA VERAPAZ,SENAHU,"CENTRO DE ESTUDIOS PREUNIVERSITARIO CAHABON-SENAHU ""CEPREC SENAHU""",BARRIO LA PROVIDENCIA,45353648,OSCAR ANIBAL GARCIA HUMBLERS,SERGIO JAIRON CUCUL QUIB,DIVERSIFICADO,PRIVADO,URBANA,ABIERTA,MONOLINGUE,SIN JORNADA,SEMIPRESENCIAL (FIN DE SEMANA),ALTA VERAPAZ,
199,16-08-0223-46,16-013,ALTA VERAPAZ,SENAHU,COLEGIO PARTICULAR MIXTO DEL VALLE,BARRIO LA VEGA,33921275,OSCAR ANIBAL GARCIA HUMBLERS,ANA LUCIA REICHE PEREZ,DIVERSIFICADO,PRIVADO,URBANA,ABIERTA,MONOLINGUE,SIN JORNADA,SEMIPRESENCIAL (FIN DE SEMANA),ALTA VERAPAZ,
200,16-08-0224-46,16-013,ALTA VERAPAZ,SENAHU,COLEGIO PARTICULAR MIXTO DEL VALLE,BARRIO LA VEGA,33921275,OSCAR ANIBAL GARCIA HUMBLERS,ANA LUCIA REICHE PEREZ,DIVERSIFICADO,PRIVADO,URBANA,ABIERTA,MONOLINGUE,MATUTINA,DIARIO(REGULAR),ALTA VERAPAZ,
201,16-08-0225-46,16-013,ALTA VERAPAZ,SENAHU,COLEGIO PARTICULAR MIXTO DEL VALLE,BARRIO LA VEGA,33921275,OSCAR ANIBAL GARCIA HUMBLERS,ANA LUCIA REICHE PEREZ,DIVERSIFICADO,PRIVADO,URBANA,ABIERTA,MONOLINGUE,VESPERTINA,DIARIO(REGULAR),ALTA VERAPAZ,
202,16-08-1583-46,16-013,ALTA VERAPAZ,SENAHU,INSTITUTO PRIVADO MIXTO DE MAGISTERIO BILINGUE NAUQ,BARRIO CENTRO,49759554,OSCAR ANIBAL GARCIA HUMBLERS,,DIVERSIFICADO,PRIVADO,URBANA,ABIERTA,BILINGUE,VESPERTINA,DIARIO(REGULAR),ALTA VERAPAZ,
203,16-08-8292-46,16-013,ALTA VERAPAZ,SENAHU,INSTITUTO PRIVADO MIXTO DE FORMACION MAGISTERIAL CON ORIENTACION BILINGUE,BARRIO EL CENTRO,,OSCAR ANIBAL GARCIA HUMBLERS,,DIVERSIFICADO,PRIVADO,URBANA,CERRADA TEMPORALMENTE,MONOLINGUE,VESPERTINA,DIARIO(REGULAR),ALTA VERAPAZ,
204,16-09-0007-46,16-015,ALTA VERAPAZ,SAN PEDRO CARCHA,CENTRO EDUCATIVO NUEVA VIDA,8A. CALLE 4-47 ZONA 4,,OSCAR RENE VENTURA ZAC,ALICIA YOMARA PONCE ORDONEZ,DIVERSIFICADO,PRIVADO,RURAL,ABIERTA,MONOLINGUE,VESPERTINA,DIARIO(REGULAR),ALTA VERAPAZ,
205,16-09-0386-46,16-018,ALTA VERAPAZ,SAN PEDRO CARCHA,INSTITUTO NACIONAL DE EDUCACION DIVERSIFICADA,ALDEA CAMPUR,55245770,EDWIN OTONIEL CUCUL CHOC,,DIVERSIFICADO,OFICIAL,RURAL,ABIERTA,MONOLINGUE,VESPERTINA,DIARIO(REGULAR),ALTA VERAPAZ,
206,16-09-0717-46,16-015,ALTA VERAPAZ,SAN PEDRO CARCHA,INSTITUTO ADOLFO V. HALL DEL NORTE,"3A. CALLE ""A"" 3-68 ZONA 4, BARRIO BELLA VISTA",79516463,OSCAR RENE VENTURA ZAC,CARLOS HUMBERTO PINEDA PARAISO,DIVERSIFICADO,OFICIAL,URBANA,ABIERTA,MONOLINGUE,DOBLE,DIARIO(REGULAR),ALTA VERAPAZ,
207,16-09-0720-46,16-015,ALTA VERAPAZ,SAN PEDRO CARCHA,INSTITUTO TECNICO DIVERSIFICADO DE BACHILLERATO EN CONSTRUCCION,5A CALLE FINAL ZONA 1,79515766,OSCAR RENE VENTURA ZAC,,DIVERSIFICADO,OFICIAL,URBANA,ABIERTA,MONOLINGUE,VESPERTINA,DIARIO(REGULAR),ALTA VERAPAZ,
208,16-09-0721-46,16-015,ALTA VERAPAZ,SAN PEDRO CARCHA,"COLEGIO ""STHELLA DE HERNANDEZ""",DIAGONAL 2 10-73 ZONA 2 BARRIO SAN PABLO,79516876,OSCAR RENE VENTURA ZAC,ORLEY EDWIN MELENDEZ ROSALES,DIVERSIFICADO,PRIVADO,URBANA,CERRADA TEMPORALMENTE,MONOLINGUE,NOCTURNA,DIARIO(REGULAR),ALTA VERAPAZ,
209,16-09-0742-46,16-015,ALTA VERAPAZ,SAN PEDRO CARCHA,"LICEO ""SAN PABLO""",8A. AVENIDA 4-47,,OSCAR RENE VENTURA ZAC,WILMA CONCEPCION DE LEON,DIVERSIFICADO,PRIVADO,URBANA,CERRADA TEMPORALMENTE,MONOLINGUE,DOBLE,FIN DE SEMANA,ALTA VERAPAZ,
210,16-09-0748-46,16-015,ALTA VERAPAZ,SAN PEDRO CARCHA,LICEO INTERCULTURAL VERAPACENSE,8A. CALLE 4-47 ZONA 4,77250339,OSCAR RENE VENTURA ZAC,EDWIN FEDERICO SANTA MARIA,DIVERSIFICADO,PRIVADO,URBANA,CERRADA TEMPORALMENTE,MONOLINGUE,DOBLE,FIN DE SEMANA,ALTA VERAPAZ,
211,16-09-0756-46,16-015,ALTA VERAPAZ,SAN PEDRO CARCHA,COLEGIO STHELLA DE HERNANDEZ,"DIAGONAL 2 10-73, ZONA 2",79516876,OSCAR RENE VENTURA ZAC,ORLEY EDWIN MELENDEZ ROSALES,DIVERSIFICADO,PRIVADO,URBANA,ABIERTA,MONOLINGUE,MATUTINA,DIARIO(REGULAR),ALTA VERAPAZ,
212,16-09-0760-46,16-015,ALTA VERAPAZ,SAN PEDRO CARCHA,LICEO INTERCULTURAL VERAPACENSE,8A. CALLE 4-47 ZONA 4,79516795,OSCAR RENE VENTURA ZAC,EDWIN FEDERICO SANTA MARIA,DIVERSIFICADO,PRIVADO,URBANA,ABIERTA,MONOLINGUE,DOBLE,FIN DE SEMANA,ALTA VERAPAZ,
213,16-09-0763-46,16-018,ALTA VERAPAZ,SAN PEDRO CARCHA,INSTITUTO MIXTO DE EDUCACION BILINGUE INTERCULTURAL -IMEBI-,ALDEA CAMPUR,79514189,EDWIN OTONIEL CUCUL CHOC,ESTEBAN JOSE AX CAAL,DIVERSIFICADO,PRIVADO,RURAL,ABIERTA,BILINGUE,DOBLE,FIN DE SEMANA,ALTA VERAPAZ,
214,16-09-0796-46,16-017,ALTA VERAPAZ,SAN PEDRO CARCHA,INSTITUTO NACIONAL DE EDUCACION DIVERSIFICADA,ALDEA CAQUIGUAL,58138051,FREDY OSWALDO TEYUL CHIQUIN,CARLOS ENRIQUE CHON CAAL,DIVERSIFICADO,OFICIAL,RURAL,ABIERTA,MONOLINGUE,VESPERTINA,DIARIO(REGULAR),ALTA VERAPAZ,
215,16-09-0806-46,16-018,ALTA VERAPAZ,SAN PEDRO CARCHA,COLEGIO PARTICULAR MIXTO SAN JOSE,ALDEA CAMPUR,47800170,EDWIN OTONIEL CUCUL CHOC,MIGUEL ANGEL FLORES CASTELLANOS,DIVERSIFICADO,PRIVADO,RURAL,CERRADA TEMPORALMENTE,MONOLINGUE,DOBLE,FIN DE SEMANA,ALTA VERAPAZ,
216,16-09-0812-46,16-015,ALTA VERAPAZ,SAN PEDRO CARCHA,COLEGIO STHELLA DE HERNANDEZ,"DIAGONAL 2 10-73 ZONA 2, BARRIO SAN PABLO",79516876,OSCAR RENE VENTURA ZAC,ORLEY EDWIN MELENDEZ ROSALES,DIVERSIFICADO,PRIVADO,URBANA,ABIERTA,MONOLINGUE,DOBLE,DIARIO(REGULAR),ALTA VERAPAZ,
217,16-09-0820-46,16-015,ALTA VERAPAZ,SAN PEDRO CARCHA,INSTITUTO NACIONAL DE EDUCACION DIVERSIFICADA,ALDEA CHIQUIXJI,42809114,OSCAR RENE VENTURA ZAC,,DIVERSIFICADO,OFICIAL,RURAL,ABIERTA,MONOLINGUE,VESPERTINA,DIARIO(REGULAR),ALTA VERAPAZ,
218,16-09-0827-46,16-016,ALTA VERAPAZ,SAN PEDRO CARCHA,INSTITUTO NACIONAL DE EDUCACION DIVERSIFICADA,ALDEA SACRAB,44927951,BERTHA ELENA POP HO,,DIVERSIFICADO,OFICIAL,RURAL,ABIERTA,BILINGUE,MATUTINA,DIARIO(REGULAR),ALTA VERAPAZ,
219,16-09-0828-46,16-015,ALTA VERAPAZ,SAN PEDRO CARCHA,INSTITUTO DE EDUCACION BASICA BILINGUE INTERCULTURAL LA TRINIDAD,"2A. CALLE 3-24 ZONA 7, COLONIA SANTO DOMINGO",51591871,OSCAR RENE VENTURA ZAC,AGUSTIN PELICO PEREZ,DIVERSIFICADO,PRIVADO,URBANA,ABIERTA,BILINGUE,DOBLE,FIN DE SEMANA,ALTA VERAPAZ,
220,16-09-0829-46,16-015,ALTA VERAPAZ,SAN PEDRO CARCHA,"INSTITUTO DE EDUCACION BASICA BILINGUE INTERCULTURAL ""LA TRINIDAD""","2A. CALLE 3-24 ZONA 7, COLONIA SANTO DOMINGO",51591871,OSCAR RENE VENTURA ZAC,AGUSTIN PELICO PEREZ,DIVERSIFICADO,PRIVADO,URBANA,CERRADA TEMPORALMENTE,BILINGUE,MATUTINA,FIN DE SEMANA,ALTA VERAPAZ,
221,16-09-0830-46,16-015,ALTA VERAPAZ,SAN PEDRO CARCHA,INSTITUTO TECNICO DIVERSIFICADO DE BACHILLERATO EN CONSTRUCCION,5A CALLE FINAL ZONA 1,44457071,OSCAR RENE VENTURA ZAC,ANGEL GUSTAVO RIVERA ARGUETA,DIVERSIFICADO,OFICIAL,URBANA,ABIERTA,MONOLINGUE,DOBLE,DIARIO(REGULAR),ALTA VERAPAZ,
222,16-09-0834-46,16-015,ALTA VERAPAZ,SAN PEDRO CARCHA,LICEO DE SUPERACION A DISTANCIA VERAPACENSE,"RESIDENCIALES RAXPEC, SECTOR CHAJUCH LOTE NUMERO 17",77250339,OSCAR RENE VENTURA ZAC,SILVIA YOLANDA CAAL QUIM,DIVERSIFICADO,PRIVADO,URBANA,ABIERTA,BILINGUE,DOBLE,A DISTANCIA,ALTA VERAPAZ,
223,16-09-0837-46,16-016,ALTA VERAPAZ,SAN PEDRO CARCHA,INSTITUTO NACIONAL DE EDUCACION DIVERSIFICADA,ALDEA COJAJ,44927951,BERTHA ELENA POP HO,,DIVERSIFICADO,OFICIAL,RURAL,ABIERTA,BILINGUE,MATUTINA,DIARIO(REGULAR),ALTA VERAPAZ,
224,16-09-0838-46,16-014,ALTA VERAPAZ,SAN PEDRO CARCHA,INSTITUTO NACIONAL DE EDUCACION DIVERSIFICADA,ALDEA CHACALTE,40210652,JORGE EDUARDO PAQUE LAZARO,,DIVERSIFICADO,OFICIAL,RURAL,ABIERTA,BILINGUE,MATUTINA,DIARIO(REGULAR),ALTA VERAPAZ,
225,16-09-0839-46,16-014,ALTA VERAPAZ,SAN PEDRO CARCHA,INSTITUTO NACIONAL DE EDUCACION DIVERSIFICADA,ALDEA XICACAO,40210652,JORGE EDUARDO PAQUE LAZARO,,DIVERSIFICADO,OFICIAL,RURAL,ABIERTA,BILINGUE,MATUTINA,DIARIO(REGULAR),ALTA VERAPAZ,
226,16-09-0840-46,16-015,ALTA VERAPAZ,SAN PEDRO CARCHA,INSTITUTO NACIONAL DE EDUCACION DIVERSIFICADA,"COLONIA CHIBUJBU, 2A. CALLE FINAL ZONA 5",33294964,OSCAR RENE VENTURA ZAC,,DIVERSIFICADO,OFICIAL,URBANA,ABIERTA,MONOLINGUE,VESPERTINA,DIARIO(REGULAR),ALTA VERAPAZ,
227,16-09-0844-46,16-015,ALTA VERAPAZ,SAN PEDRO CARCHA,COLEGIO SAGRADA FAMILIA,4TA. CALLE FINAL ZONA 1,77360929,OSCAR RENE VENTURA ZAC,MOISES NICOMEDES PAQUE CAAL,DIVERSIFICADO,PRIVADO,URBANA,ABIERTA,MONOLINGUE,VESPERTINA,DIARIO(REGULAR),ALTA VERAPAZ,
228,16-09-0848-46,16-050,ALTA VERAPAZ,SAN PEDRO CARCHA,CENTRO DE EDUCACION EXTRAESCOLAR,SAN PEDRO CARCHA,42809114,MAXIMILIANO CHUB ICAL,LISSY STEISSY SIERRA LOPEZ,DIVERSIFICADO,OFICIAL,URBANA,ABIERTA,MONOLINGUE,DOBLE,SEMIPRESENCIAL,ALTA VERAPAZ,
229,16-09-0852-46,16-015,ALTA VERAPAZ,SAN PEDRO CARCHA,COLEGIO SALESIANO DON BOSCO,5A. CALLE 7-86 ZONA 1,79516647,OSCAR RENE VENTURA ZAC,GERMAN RAUL CAAL TIUL,DIVERSIFICADO,PRIVADO,URBANA,ABIERTA,MONOLINGUE,MATUTINA,DIARIO(REGULAR),ALTA VERAPAZ,
230,16-09-0855-46,16-050,ALTA VERAPAZ,SAN PEDRO CARCHA,CENTRO DE EDUCACION EXTRAESCOLAR -CEEX-,"6TA. CALLE 3ERA. AVENIDA, ZONA 2",46280307,MAXIMILIANO CHUB ICAL,SARA FLORIDALMA CU TIUL,DIVERSIFICADO,PRIVADO,RURAL,ABIERTA,BILINGUE,DOBLE,SEMIPRESENCIAL,ALTA VERAPAZ,
231,16-09-0860-46,16-015,ALTA VERAPAZ,SAN PEDRO CARCHA,"INSTITUTO DE EDUCACION BASICA BILINGUE INTERCULTURAL ""LA TRINIDAD""","2A. CALLE 3-24 ZONA7, COLONIA SANTO DOMINGO",51591871,OSCAR RENE VENTURA ZAC,AGUSTIN PELICO PEREZ,DIVERSIFICADO,PRIVADO,URBANA,ABIERTA,MONOLINGUE,SIN JORNADA,SEMIPRESENCIAL (FIN DE SEMANA),ALTA VERAPAZ,
232,16-09-0862-46,16-015,ALTA VERAPAZ,SAN PEDRO CARCHA,LICEO INTERCULTURAL VERAPACENSE,"8A. CALLE 4-47, ZONA 4",45971582,OSCAR RENE VENTURA ZAC,YOSELIN YESENIA CHOCON TZALAM,DIVERSIFICADO,PRIVADO,URBANA,ABIERTA,MONOLINGUE,SIN JORNADA,SEMIPRESENCIAL (FIN DE SEMANA),ALTA VERAPAZ,
233,16-09-0863-46,16-015,ALTA VERAPAZ,SAN PEDRO CARCHA,COLEGIO SAGRADA FAMILIA,4A. CALLE FINAL ZONA 1,51866549,OSCAR RENE VENTURA ZAC,MOISES NICOMIDES PAQUE CAAL,DIVERSIFICADO,PRIVADO,URBANA,ABIERTA,MONOLINGUE,VESPERTINA,DIARIO(REGULAR),ALTA VERAPAZ,
234,16-09-0864-46,16-015,ALTA VERAPAZ,SAN PEDRO CARCHA,COLEGIO MIXTO PRIVADO NUEVA GENERACION DEL NORTE,"6A. CALLE 1-78 ZONA 4, BARRIO BELLA VISTA, SECTOR II",38881474,OSCAR RENE VENTURA ZAC,ALLAN NOEL ALFREDO MACZ CHIQUIN,DIVERSIFICADO,PRIVADO,URBANA,ABIERTA,MONOLINGUE,MATUTINA,DIARIO(REGULAR),ALTA VERAPAZ,
235,16-09-0865-46,16-015,ALTA VERAPAZ,SAN PEDRO CARCHA,COLEGIO MIXTO PRIVADO NUEVA GENERACION DEL NORTE,"6A. CALLE 1-78 ZONA 4, BARRIO BELLA VISTA, SECTOR II",38881474,OSCAR RENE VENTURA ZAC,LUIS ARTURO LOPEZ PEREZ,DIVERSIFICADO,PRIVADO,URBANA,CERRADA TEMPORALMENTE,MONOLINGUE,VESPERTINA,DIARIO(REGULAR),ALTA VERAPAZ,
236,16-09-0866-46,16-015,ALTA VERAPAZ,SAN PEDRO CARCHA,COLEGIO MIXTO PRIVADO NUEVA GENERACION DEL NORTE,"6A. CALLE 1-78 ZONA 4, BARRIO BELLA VISTA, SECTOR II",38881474,OSCAR RENE VENTURA ZAC,ALLAN NOEL ALFREDO MACZ CHIQUIN,DIVERSIFICADO,PRIVADO,URBANA,ABIERTA,MONOLINGUE,DOBLE,FIN DE SEMANA,ALTA VERAPAZ,
237,16-09-0868-46,16-015,ALTA VERAPAZ,SAN PEDRO CARCHA,COLEGIO MIXTO PRIVADO NUEVA GENERACION DEL NORTE,"6A. CALLE 1-78 ZONA 4, BARRIO BELLA VISTA, SECTOR II",38881474,OSCAR RENE VENTURA ZAC,ALLAN NOEL ALFREDO MACZ CHIQUIN,DIVERSIFICADO,PRIVADO,URBANA,ABIERTA,MONOLINGUE,SIN JORNADA,SEMIPRESENCIAL (FIN DE SEMANA),ALTA VERAPAZ,
238,16-09-0870-46,16-015,ALTA VERAPAZ,SAN PEDRO CARCHA,CENTRO EDUCATIVO NUEVA VIDA,"8A. CALLE 4-47, ZONA 4",36369056,OSCAR RENE VENTURA ZAC,JUAN RAX,DIVERSIFICADO,PRIVADO,URBANA,ABIERTA,MONOLINGUE,VESPERTINA,DIARIO(REGULAR),ALTA VERAPAZ,
239,16-09-1574-46,16-015,ALTA VERAPAZ,SAN PEDRO CARCHA,CENTRO EDUCATIVO PARTICULAR DON BOSCO,ALDEA TZACANIHA,79515955,OSCAR RENE VENTURA ZAC,SALVADOR AJUALIP RODRIGUEZ,DIVERSIFICADO,PRIVADO,RURAL,ABIERTA,BILINGUE,MATUTINA,DIARIO(REGULAR),ALTA VERAPAZ,
240,16-09-2160-46,16-017,ALTA VERAPAZ,SAN PEDRO CARCHA,CENTRO EDUCATIVO DON BOSCO TZACANIJA,ALDEA TZACANIHA,79515123,FREDY OSWALDO TEYUL CHIQUIN,,DIVERSIFICADO,PRIVADO,RURAL,CERRADA TEMPORALMENTE,MONOLINGUE,MATUTINA,DIARIO(REGULAR),ALTA VERAPAZ,
241,16-09-6450-46,16-015,ALTA VERAPAZ,SAN PEDRO CARCHA,CENTRO EDUCATIVO PRIVADO TALITA KUMI,"1A. CALLE 2-50, ZONA 8",79629100,OSCAR RENE VENTURA ZAC,TOMAS BALTAZAR CUC TZIB,DIVERSIFICADO,PRIVADO,URBANA,ABIERTA,MONOLINGUE,MATUTINA,DIARIO(REGULAR),ALTA VERAPAZ,
242,16-09-7312-46,16-017,ALTA VERAPAZ,SAN PEDRO CARCHA,INSTITUTO TECNICO EXPERIMENTAL DE RECURSOS NATURALES,FINCA MUNICIPAL CHIPAR,57034175,FREDY OSWALDO TEYUL CHIQUIN,,DIVERSIFICADO,PRIVADO,RURAL,CERRADA TEMPORALMENTE,MONOLINGUE,DOBLE,DIARIO(REGULAR),ALTA VERAPAZ,
243,16-09-8333-46,16-015,ALTA VERAPAZ,SAN PEDRO CARCHA,"COLEGIO PARTICULAR MIXTO ""ISAIAS BARRIENTOS""",3A. CALLE 4-55 ZONA 5,79515655,OSCAR RENE VENTURA ZAC,,DIVERSIFICADO,PRIVADO,URBANA,CERRADA TEMPORALMENTE,MONOLINGUE,VESPERTINA,DIARIO(REGULAR),ALTA VERAPAZ,
244,16-09-9258-46,16-015,ALTA VERAPAZ,SAN PEDRO CARCHA,"COLEGIO ""STHELLA DE HERNANDEZ""",DIAGONAL 2 10-73 ZONA 2 BARRIO SAN PABLO,79516876,OSCAR RENE VENTURA ZAC,ORLEY EDWIN MELENDEZ ROSALES,DIVERSIFICADO,PRIVADO,URBANA,ABIERTA,MONOLINGUE,VESPERTINA,DIARIO(REGULAR),ALTA VERAPAZ,
245,16-09-9259-46,16-015,ALTA VERAPAZ,SAN PEDRO CARCHA,"COLEGIO ""STHELLA DE HERNANDEZ""",DIAGONAL 2 10-73 ZONA 2 BARRIO SAN PABLO,,OSCAR RENE VENTURA ZAC,,DIVERSIFICADO,PRIVADO,URBANA,ABIERTA,MONOLINGUE,DOBLE,FIN DE SEMANA,ALTA VERAPAZ,
246,16-10-0001-46,16-019,ALTA VERAPAZ,SAN JUAN CHAMELCO,"LICEO COEDUCATIVO PRIVADO ""JAVIER DE LA VERAPAZ""",KILOMETRO 218.5 SEDE REGIONAL UNIVERSIDAD RAFAEL LANDIVAR,78208583,LAYZA MARIELA CASTRO CAAL,JULIO CESAR SAMAYOA ALVAREZ,DIVERSIFICADO,PRIVADO,URBANA,CERRADA TEMPORALMENTE,MONOLINGUE,MATUTINA,DIARIO(REGULAR),ALTA VERAPAZ,
247,16-10-0050-46,16-019,ALTA VERAPAZ,SAN JUAN CHAMELCO,CENTRO EDUCATIVO AK NALEB,BARRIO SAN LUIS,45066470,LAYZA MARIELA CASTRO CAAL,EVELYN PATRICIA ROSALES LOPEZ,DIVERSIFICADO,PRIVADO,URBANA,CERRADA TEMPORALMENTE,MONOLINGUE,DOBLE,FIN DE SEMANA,ALTA VERAPAZ,
248,16-10-0051-46,16-019,ALTA VERAPAZ,SAN JUAN CHAMELCO,CENTRO EDUCATIVO AK NALEB,BARRIO SAN LUIS,,LAYZA MARIELA CASTRO CAAL,EVELYN PATRICIA ROSALES LOPEZ,DIVERSIFICADO,PRIVADO,URBANA,CERRADA TEMPORALMENTE,MONOLINGUE,VESPERTINA,DIARIO(REGULAR),ALTA VERAPAZ,
249,16-10-0052-46,16-019,ALTA VERAPAZ,SAN JUAN CHAMELCO,INSTITUTO PRIVADO MIXTO DE DESARROLLO LOCAL,1A CALLE 0-07 ZONA 1,55147639,LAYZA MARIELA CASTRO CAAL,NELEYDA GARCIA CHE,DIVERSIFICADO,PRIVADO,URBANA,CERRADA TEMPORALMENTE,MONOLINGUE,DOBLE,FIN DE SEMANA,ALTA VERAPAZ,
250,16-10-0053-46,16-019,ALTA VERAPAZ,SAN JUAN CHAMELCO,COLEGIO SAN FRANCISCO JAVIER DE LA VERAPAZ,"0 CALLE 5-98, ZONA 4",77208313,LAYZA MARIELA CASTRO CAAL,JULIO CESAR SAMAYOA ALVAREZ,DIVERSIFICADO,PRIVADO,URBANA,CERRADA TEMPORALMENTE,MONOLINGUE,MATUTINA,DIARIO(REGULAR),ALTA VERAPAZ,
251,16-10-0056-46,16-019,ALTA VERAPAZ,SAN JUAN CHAMELCO,INSTITUTO PRIVADO MIXTO DE DESARROLLO LOCAL,1A CALLE 0-07 ZONA 1,55147639,LAYZA MARIELA CASTRO CAAL,CLARA LUZ ALVARADO,DIVERSIFICADO,PRIVADO,URBANA,CERRADA TEMPORALMENTE,MONOLINGUE,MATUTINA,DIARIO(REGULAR),ALTA VERAPAZ,
252,16-10-0062-46,16-019,ALTA VERAPAZ,SAN JUAN CHAMELCO,COLEGIO PARTICULAR MIXTO KAIROS,0 AVENIDA 1A. CALLE NO. 002 ZONA 4 BARRIO SANTO DOMINGO,79500460,LAYZA MARIELA CASTRO CAAL,LUIS ARTURO LOPEZ PEREZ,DIVERSIFICADO,PRIVADO,URBANA,ABIERTA,MONOLINGUE,MATUTINA,DIARIO(REGULAR),ALTA VERAPAZ,
253,16-10-0063-46,16-019,ALTA VERAPAZ,SAN JUAN CHAMELCO,COLEGIO PARTICULAR MIXTO KAIROS,0 AVENIDA 1A CALLE NO. 002 ZONA 4 BARRIO SANTO DOMINGO,79500460,LAYZA MARIELA CASTRO CAAL,LUIS ARTURO LOPEZ PEREZ,DIVERSIFICADO,PRIVADO,URBANA,ABIERTA,MONOLINGUE,VESPERTINA,DIARIO(REGULAR),ALTA VERAPAZ,
254,16-10-0064-46,16-019,ALTA VERAPAZ,SAN JUAN CHAMELCO,INSTITUTO NACIONAL DE EDUCACION DIVERSIFICADA,"2A. AVENIDA 7-66 ZONA DOS, BARRIO SANTA ANA ORIENTAL",57400249,LAYZA MARIELA CASTRO CAAL,LUIS ANTONIO MOLINA LOPEZ,DIVERSIFICADO,OFICIAL,URBANA,ABIERTA,MONOLINGUE,VESPERTINA,DIARIO(REGULAR),ALTA VERAPAZ,
255,16-10-0065-46,16-019,ALTA VERAPAZ,SAN JUAN CHAMELCO,LICEO GUATEMALTECO VERAPACENSE,BARRIO RESURRECCION,79500286,LAYZA MARIELA CASTRO CAAL,JUAN RAX,DIVERSIFICADO,PRIVADO,URBANA,ABIERTA,MONOLINGUE,VESPERTINA,DIARIO(REGULAR),ALTA VERAPAZ,
256,16-10-0066-46,16-019,ALTA VERAPAZ,SAN JUAN CHAMELCO,LICEO GUATEMALTECO VERAPACENSE,BARRIO RESURRECCION,79500286,LAYZA MARIELA CASTRO CAAL,JUAN RAX,DIVERSIFICADO,PRIVADO,URBANA,ABIERTA,MONOLINGUE,DOBLE,FIN DE SEMANA,ALTA VERAPAZ,
257,16-10-0072-46,16-019,ALTA VERAPAZ,SAN JUAN CHAMELCO,COLEGIO PARTICULAR MIXTO KAIROS,1ERA. CALLE 0-02 ZONA 4,79500460,LAYZA MARIELA CASTRO CAAL,,DIVERSIFICADO,PRIVADO,URBANA,ABIERTA,BILINGUE,DOBLE,FIN DE SEMANA,ALTA VERAPAZ,
258,16-10-0138-46,16-019,ALTA VERAPAZ,SAN JUAN CHAMELCO,LICEO GUATEMALTECO VERAPACENSE,BARRIO RESURRECCION,36365262,LAYZA MARIELA CASTRO CAAL,JUAN RAX,DIVERSIFICADO,PRIVADO,URBANA,ABIERTA,MONOLINGUE,MATUTINA,DIARIO(REGULAR),ALTA VERAPAZ,
259,16-10-0140-46,16-019,ALTA VERAPAZ,SAN JUAN CHAMELCO,LICEO GUATEMALTECO VERAPACENSE,BARRIO RESURRECCION,36365262,LAYZA MARIELA CASTRO CAAL,JUAN RAX,DIVERSIFICADO,PRIVADO,URBANA,ABIERTA,MONOLINGUE,SIN JORNADA,SEMIPRESENCIAL (FIN DE SEMANA),ALTA VERAPAZ,
260,16-10-1400-46,16-019,ALTA VERAPAZ,SAN JUAN CHAMELCO,INSTITUTO TECNICO EN RECURSOS NATURALES,FINCA MUNICIPAL CHIPAR,79500480,LAYZA MARIELA CASTRO CAAL,OLGA MARINA CUC SACBA,DIVERSIFICADO,PRIVADO,URBANA,ABIERTA,MONOLINGUE,DOBLE,DIARIO(REGULAR),ALTA VERAPAZ,
261,16-10-3816-46,,ALTA VERAPAZ,SAN JUAN CHAMELCO,LICEO DE BACHILLERATO EN COMPUTACION Y EDUCACION PARA EL HOGAR 'MBM' JM,,,,,DIVERSIFICADO,PRIVADO,URBANA,CERRADA TEMPORALMENTE,MONOLINGUE,MATUTINA,DIARIO(REGULAR),ALTA VERAPAZ,
262,16-10-9601-46,16-019,ALTA VERAPAZ,SAN JUAN CHAMELCO,CENTRO EDUCATIVO MENONITA Q EQCHI BEZALEEL,ALDEA SAQUIJA,79500397,LAYZA MARIELA CASTRO CAAL,HECTOR OCHOA SIERRA,DIVERSIFICADO,PRIVADO,RURAL,ABIERTA,MONOLINGUE,VESPERTINA,DIARIO(REGULAR),ALTA VERAPAZ,
263,16-11-0003-46,16-021,ALTA VERAPAZ,LANQUIN,"INSTITUTO MIXTO PRIVADO ""FRANCISCO OSWALDO REYES NARCISO""",BARRIO SAN NICOLAS,57073563,HORACIO WALDEMAR JUAREZ ARGUETA,JULIO RODERICO BAILON SIERRA,DIVERSIFICADO,PRIVADO,URBANA,CERRADA TEMPORALMENTE,MONOLINGUE,DOBLE,FIN DE SEMANA,ALTA VERAPAZ,
264,16-11-0027-46,16-021,ALTA VERAPAZ,LANQUIN,INSTITUTO NACIONAL DE EDUCACION DIVERSIFICADA,BARRIO SAN NICOLAS,51735905,HORACIO WALDEMAR JUAREZ ARGUETA,,DIVERSIFICADO,OFICIAL,URBANA,ABIERTA,MONOLINGUE,VESPERTINA,DIARIO(REGULAR),ALTA VERAPAZ,
265,16-11-0055-46,16-021,ALTA VERAPAZ,LANQUIN,INSTITUTO MIXTO DE EDUCACION BILINGUE INTERCULTURAL IMEBI,COLONIA BELEN,79514189,HORACIO WALDEMAR JUAREZ ARGUETA,VILMA DOMINGA ASIG POP,DIVERSIFICADO,PRIVADO,URBANA,CERRADA TEMPORALMENTE,BILINGUE,VESPERTINA,DIARIO(REGULAR),ALTA VERAPAZ,
266,16-11-0057-46,16-021,ALTA VERAPAZ,LANQUIN,INSTITUTO NACIONAL DE EDUCACION DIVERSIFICADA,BARRIO SAN NICOLAS,51735905,HORACIO WALDEMAR JUAREZ ARGUETA,JAIME SAUL IGLESIAS DE LA CRUZ,DIVERSIFICADO,OFICIAL,URBANA,ABIERTA,MONOLINGUE,DOBLE,DIARIO(REGULAR),ALTA VERAPAZ,
267,16-11-0059-46,16-021,ALTA VERAPAZ,LANQUIN,"CENTRO DE ESTUDIOS PREUNIVERSITARIO CAHABON-LANQUIN ""CEPREC LANQUIN""",COLONIA BELEN,45353648,HORACIO WALDEMAR JUAREZ ARGUETA,MAX BENEDICTO FERNANDEZ YAXCAL,DIVERSIFICADO,PRIVADO,URBANA,ABIERTA,MONOLINGUE,VESPERTINA,DIARIO(REGULAR),ALTA VERAPAZ,
268,16-11-0060-46,16-021,ALTA VERAPAZ,LANQUIN,"CENTRO DE ESTUDIOS PREUNIVERSITARIO CAHABON-LANQUIN ""CEPREC LANQUIN""",COLONIA BELEN,45353648,HORACIO WALDEMAR JUAREZ ARGUETA,MAX BENEDICTO FERNANDEZ YAXCAL,DIVERSIFICADO,PRIVADO,URBANA,ABIERTA,MONOLINGUE,DOBLE,FIN DE SEMANA,ALTA VERAPAZ,
269,16-11-0062-46,16-021,ALTA VERAPAZ,LANQUIN,"INSTITUTO MIXTO PRIVADO ""FRANCISCO OSWALDO REYES NARCISO""",BARRIO SAN NICOLAS,57073563,HORACIO WALDEMAR JUAREZ ARGUETA,LUIS ROMEO BAILON DE LA CRUZ,DIVERSIFICADO,PRIVADO,URBANA,ABIERTA,MONOLINGUE,SIN JORNADA,SEMIPRESENCIAL (FIN DE SEMANA),ALTA VERAPAZ,
270,16-11-9092-46,16-021,ALTA VERAPAZ,LANQUIN,INSTITUTO MIXTO PRIVADO DE MAGISTERIO BILINGUE,CABECERA,30907134,HORACIO WALDEMAR JUAREZ ARGUETA,AXEL ANDRES AX CAAL,DIVERSIFICADO,PRIVADO,URBANA,ABIERTA,BILINGUE,VESPERTINA,DIARIO(REGULAR),ALTA VERAPAZ,
271,16-12-0113-46,16-022,ALTA VERAPAZ,SANTA MARIA CAHABON,CENTRO DE ESTUDIOS PREUNIVERSITARIOS CAHABON -CEPREC-,BARRIO SAN PABLO,45353648,JOSE ARTURO CHOC CHEN,RUBEN DARIO CAAL,DIVERSIFICADO,PRIVADO,URBANA,ABIERTA,MONOLINGUE,VESPERTINA,DIARIO(REGULAR),ALTA VERAPAZ,
272,16-12-0125-46,16-022,ALTA VERAPAZ,SANTA MARIA CAHABON,INSTITUTO NACIONAL DE EDUCACION DIVERSIFICADA,BARRIO CENTRO,31548885,JOSE ARTURO CHOC CHEN,,DIVERSIFICADO,OFICIAL,RURAL,ABIERTA,MONOLINGUE,VESPERTINA,DIARIO(REGULAR),ALTA VERAPAZ,
273,16-12-0162-46,16-022,ALTA VERAPAZ,SANTA MARIA CAHABON,LICEO LEONARDO DA VINCI L L D,BARRIO SAN PABLO,45353648,JOSE ARTURO CHOC CHEN,,DIVERSIFICADO,PRIVADO,URBANA,CERRADA TEMPORALMENTE,BILINGUE,VESPERTINA,DIARIO(REGULAR),ALTA VERAPAZ,
274,16-12-0182-46,16-022,ALTA VERAPAZ,SANTA MARIA CAHABON,INSTITUTO AGROECOLOGICO DE EDUCACION BILINGUE FRAY DOMINGO DE VICO,BARRIO SAN PEDRO,57253608,JOSE ARTURO CHOC CHEN,RUDY LEONARDO CHOCO MO,DIVERSIFICADO,PRIVADO,URBANA,ABIERTA,BILINGUE,MATUTINA,DIARIO(REGULAR),ALTA VERAPAZ,
275,16-12-0189-46,16-022,ALTA VERAPAZ,SANTA MARIA CAHABON,INSTITUTO NACIONAL DE EDUCACION DIVERSIFICADA,ALDEA PINARES,46367384,JOSE ARTURO CHOC CHEN,,DIVERSIFICADO,OFICIAL,RURAL,ABIERTA,MONOLINGUE,VESPERTINA,DIARIO(REGULAR),ALTA VERAPAZ,
276,16-12-0192-46,16-022,ALTA VERAPAZ,SANTA MARIA CAHABON,CENTRO DE ESTUDIOS PREUNIVERSITARIO CAHABON -CEPREC-,BARRIO SAN PABLO,45353648,JOSE ARTURO CHOC CHEN,ERNESTO YAXCAL CUZ,DIVERSIFICADO,PRIVADO,URBANA,ABIERTA,MONOLINGUE,MATUTINA,DIARIO(REGULAR),ALTA VERAPAZ,
277,16-12-0195-46,16-022,ALTA VERAPAZ,SANTA MARIA CAHABON,FUNDACION FRAY DOMINGO DE VICO,BARRIO SAN PEDRO,57253608,JOSE ARTURO CHOC CHEN,RUDY LEONARDO CHOCO MO,DIVERSIFICADO,PRIVADO,URBANA,CERRADA TEMPORALMENTE,BILINGUE,DOBLE,DIARIO(REGULAR),ALTA VERAPAZ,
278,16-12-0199-46,16-023,ALTA VERAPAZ,SANTA MARIA CAHABON,CENTRO DE ESTUDIOS PREUNIVERSITARIO CAHABON -CEPREC-,BARRIO SAN PABLO,45353648,MYNOR DANILO TORRES JUAREZ,ERNESTO YAXCAL CUZ,DIVERSIFICADO,PRIVADO,URBANA,ABIERTA,MONOLINGUE,DOBLE,FIN DE SEMANA,ALTA VERAPAZ,
279,16-12-0202-46,16-023,ALTA VERAPAZ,SANTA MARIA CAHABON,CENTRO DE ESTUDIOS PREUNIVERSITARIO CAHABON -CEPREC-,BARRIO SAN PABLO,45353648,MYNOR DANILO TORRES JUAREZ,ERNESTO YAXCAL CUZ,DIVERSIFICADO,PRIVADO,URBANA,CERRADA TEMPORALMENTE,BILINGUE,MATUTINA,FIN DE SEMANA,ALTA VERAPAZ,
280,16-12-0203-46,16-050,ALTA VERAPAZ,SANTA MARIA CAHABON,CENTRO DE EDUCACION EXTRAESCOLAR,SANTA MARIA CAHABON,46918324,MAXIMILIANO CHUB ICAL,CRUZ ALBERTO POP CHO,DIVERSIFICADO,OFICIAL,RURAL,ABIERTA,BILINGUE,DOBLE,SEMIPRESENCIAL,ALTA VERAPAZ,
281,16-12-0222-46,16-023,ALTA VERAPAZ,SANTA MARIA CAHABON,CENTRO DE ESTUDIOS PREUNIVERSITARIO CAHABON -CEPREC-,BARRIO SAN PABLO,45353648,MYNOR DANILO TORRES JUAREZ,ERNESTO YAXCAL CUZ,DIVERSIFICADO,PRIVADO,URBANA,ABIERTA,MONOLINGUE,SIN JORNADA,SEMIPRESENCIAL (FIN DE SEMANA),ALTA VERAPAZ,
282,16-12-1612-46,16-022,ALTA VERAPAZ,SANTA MARIA CAHABON,LICEO SANTA MARIA,BARRIO SAN PABLO,45353648,JOSE ARTURO CHOC CHEN,CARLOS PRUDENCIO SANCHEZ MAAZ,DIVERSIFICADO,PRIVADO,URBANA,CERRADA TEMPORALMENTE,MONOLINGUE,MATUTINA,FIN DE SEMANA,ALTA VERAPAZ,
283,16-12-9214-46,16-023,ALTA VERAPAZ,SANTA MARIA CAHABON,INSTITUTO MIXTO MUNICIPAL DE MAGISTERIO BILINGUE SEPOC,ALDEA SEPOC,37297644,MYNOR DANILO TORRES JUAREZ,OSCAR MATEO CHE CHUB,DIVERSIFICADO,MUNICIPAL,RURAL,ABIERTA,BILINGUE,VESPERTINA,DIARIO(REGULAR),ALTA VERAPAZ,
284,16-12-9215-46,16-022,ALTA VERAPAZ,SANTA MARIA CAHABON,INSTITUTO PARTICULAR RICARDO ARJONA,BARRIO SAN JUAN,58941390,JOSE ARTURO CHOC CHEN,,DIVERSIFICADO,PRIVADO,URBANA,ABIERTA,BILINGUE,VESPERTINA,DIARIO(REGULAR),ALTA VERAPAZ,
285,16-13-0225-46,16-024,ALTA VERAPAZ,CHISEC,LICEO MIXTO EN COMPUTACION DEL NORTE,"1A. CALLE Y 2A. AVENIDA LOTE 204, BARRIO EL CENTRO",56626889,ALMA GUNY SILIEZAR CHOCOOJ,KARIN JANNETT HERRERA COY,DIVERSIFICADO,PRIVADO,URBANA,ABIERTA,MONOLINGUE,DOBLE,FIN DE SEMANA,ALTA VERAPAZ,
286,16-13-0226-46,16-024,ALTA VERAPAZ,CHISEC,LICEO MIXTO EN COMPUTACION DEL NORTE,"1A. CALLE Y 2A. AVENIDA LOTE 204, BARRIO EL CENTRO",56626889,ALMA GUNY SILIEZAR CHOCOOJ,KARIN JANNETT HERRERA COY,DIVERSIFICADO,PRIVADO,URBANA,CERRADA TEMPORALMENTE,MONOLINGUE,DOBLE,FIN DE SEMANA,ALTA VERAPAZ,
287,16-13-0227-46,16-026,ALTA VERAPAZ,CHISEC,INSTITUTO MIXTO DE EDUCACION BILINGUE INTERCULTURAL -IMEBI-,ALDEA CHIQUIBUL,45565203,ILEANA VERONICA MACZ CALACH,DANIEL RAMOS TOMAS,DIVERSIFICADO,PRIVADO,URBANA,CERRADA TEMPORALMENTE,MONOLINGUE,DOBLE,FIN DE SEMANA,ALTA VERAPAZ,
288,16-13-0228-46,16-024,ALTA VERAPAZ,CHISEC,COLEGIO CRISTIANO GALILEA,PARCELA NO. 1 COMUNIDAD SAN SIMON NO. II,57405697,ALMA GUNY SILIEZAR CHOCOOJ,BERNARDO ABIMAEL JEREMIAS GONZALEZ LEAL,DIVERSIFICADO,PRIVADO,URBANA,CERRADA TEMPORALMENTE,MONOLINGUE,VESPERTINA,DIARIO(REGULAR),ALTA VERAPAZ,
289,16-13-0240-46,16-024,ALTA VERAPAZ,CHISEC,"LICEO MIXTO PRIVADO ""SENDEROS PARA LA VIDA""",BARRIO LA FLORIDA,79510080,ALMA GUNY SILIEZAR CHOCOOJ,HUMBERTO CHEN CABNAL,DIVERSIFICADO,PRIVADO,URBANA,ABIERTA,MONOLINGUE,DOBLE,FIN DE SEMANA,ALTA VERAPAZ,
290,16-13-0249-46,16-025,ALTA VERAPAZ,CHISEC,INSTITUTO MIXTO DE EDUCACION FORTALEZA DEL FUTURO -INMEFF-,ALDEA CHIQUIBUL,51709961,OSCAR WALDEMAR MILIAN TIUL,AUGUSTO ORTIZ ORDONEZ,DIVERSIFICADO,PRIVADO,RURAL,ABIERTA,MONOLINGUE,VESPERTINA,DIARIO(REGULAR),ALTA VERAPAZ,
291,16-13-0252-46,16-045,ALTA VERAPAZ,CHISEC,INSTITUTO NACIONAL DE EDUCACION DIVERSIFICADA,ALDEA SAMOCOCH,31453164,ALFONSO BOTZOC CAN,,DIVERSIFICADO,OFICIAL,RURAL,ABIERTA,BILINGUE,MATUTINA,DIARIO(REGULAR),ALTA VERAPAZ,
292,16-13-0254-46,16-024,ALTA VERAPAZ,CHISEC,INSTITUTO NACIONAL DE EDUCACION DIVERSIFICADA,BARRIO EL CENTRO,40945091,ALMA GUNY SILIEZAR CHOCOOJ,HECTOR CAAL CAAL,DIVERSIFICADO,OFICIAL,URBANA,ABIERTA,MONOLINGUE,MATUTINA,DIARIO(REGULAR),ALTA VERAPAZ,
293,16-13-0263-46,16-024,ALTA VERAPAZ,CHISEC,COLEGIO MIXTO PRIVADO ASDECHI,BARRIO EL CENTRO,53809529,ALMA GUNY SILIEZAR CHOCOOJ,,DIVERSIFICADO,PRIVADO,URBANA,CERRADA TEMPORALMENTE,MONOLINGUE,MATUTINA,FIN DE SEMANA,ALTA VERAPAZ,
294,16-13-0264-46,16-024,ALTA VERAPAZ,CHISEC,COLEGIO MIXTO PRIVADO ASDECHI,BARRIO EL CENTRO,53809529,ALMA GUNY SILIEZAR CHOCOOJ,,DIVERSIFICADO,PRIVADO,URBANA,ABIERTA,MONOLINGUE,DOBLE,FIN DE SEMANA,ALTA VERAPAZ,
295,16-13-0265-46,16-024,ALTA VERAPAZ,CHISEC,COLEGIO CRISTIANO GALILEA,COMUNIDAD SAN SIMON II,44874651,ALMA GUNY SILIEZAR CHOCOOJ,HECTOR DAVID NUILA SAGUI,DIVERSIFICADO,PRIVADO,RURAL,ABIERTA,BILINGUE,MATUTINA,DIARIO(REGULAR),ALTA VERAPAZ,
296,16-13-0267-46,16-050,ALTA VERAPAZ,CHISEC,CENTRO DE EDUCACION EXTRAESCOLAR,CHISEC,46585879,MAXIMILIANO CHUB ICAL,VILMA ANTONIETA RAX CHON,DIVERSIFICADO,OFICIAL,RURAL,ABIERTA,BILINGUE,DOBLE,SEMIPRESENCIAL,ALTA VERAPAZ,
297,16-13-0270-46,16-024,ALTA VERAPAZ,CHISEC,"COLEGIO MIXTO PRIVADO ""ASDECHI""",BARRIO EL CENTRO,53809529,ALMA GUNY SILIEZAR CHOCOOJ,LEONEL ALFARO GUALIM VALDES,DIVERSIFICADO,PRIVADO,URBANA,ABIERTA,MONOLINGUE,SIN JORNADA,SEMIPRESENCIAL (FIN DE SEMANA),ALTA VERAPAZ,
298,16-13-0274-46,16-024,ALTA VERAPAZ,CHISEC,LICEO MIXTO EN COMPUTACION DEL NORTE,"1A. CALLE Y 2A. AVENIDA LOTE 204, BARRIO EL CENTRO",31539323,ALMA GUNY SILIEZAR CHOCOOJ,KARIN JANNETH HERRERA COY,DIVERSIFICADO,PRIVADO,URBANA,ABIERTA,MONOLINGUE,SIN JORNADA,SEMIPRESENCIAL (FIN DE SEMANA),ALTA VERAPAZ,
299,16-13-9612-46,16-024,ALTA VERAPAZ,CHISEC,ESCUELA NORMAL BILINGUE INTERCULTURAL,BARRIO LA FLORIDA,58871352,ALMA GUNY SILIEZAR CHOCOOJ,MARIA GRACIELA CAAL JUCUB,DIVERSIFICADO,OFICIAL,URBANA,ABIERTA,BILINGUE,MATUTINA,DIARIO(REGULAR),ALTA VERAPAZ,
300,16-13-9632-46,16-024,ALTA VERAPAZ,CHISEC,COLEGIO DE MAGISTERIO BILINGUE NUEVO CHISEC,LOTES 682-678 1A. CALLE 10AV. ZONA 1 BARRIO NAZARETH 03/11/2017,55140625,ALMA GUNY SILIEZAR CHOCOOJ,,DIVERSIFICADO,PRIVADO,RURAL,CERRADA TEMPORALMENTE,MONOLINGUE,VESPERTINA,DIARIO(REGULAR),ALTA VERAPAZ,
301,16-14-0054-46,16-027,ALTA VERAPAZ,CHAHAL,INSTITUTO NACIONAL DE EDUCACION DIVERSIFICADA,BARRIO CENTRO,,EDETANO OXOM YAT,,DIVERSIFICADO,OFICIAL,URBANA,ABIERTA,MONOLINGUE,VESPERTINA,DIARIO(REGULAR),ALTA VERAPAZ,
302,16-14-0074-46,16-027,ALTA VERAPAZ,CHAHAL,INSTITUTO MIXTO DE EDUCACION BILINGUE INTERCULTURAL -IMEBI-,BARRIO SANTO DOMINGO,46340036,EDETANO OXOM YAT,JULIO CESAR LOPEZ BARRIENTOS,DIVERSIFICADO,PRIVADO,URBANA,CERRADA TEMPORALMENTE,MONOLINGUE,DOBLE,FIN DE SEMANA,ALTA VERAPAZ,
303,16-14-0088-46,16-027,ALTA VERAPAZ,CHAHAL,"INSTITUTO DE EDUCACION DIVERSIFICADA POR COOPERATIVA DE ENSENANZA ""SANTO DOMINGO""",BARRIO SANTO DOMINGO,45803631,EDETANO OXOM YAT,XIOMARA ODETH CAAL RODRIGUEZ,DIVERSIFICADO,COOPERATIVA,URBANA,ABIERTA,MONOLINGUE,VESPERTINA,DIARIO(REGULAR),ALTA VERAPAZ,
304,16-14-0092-46,16-027,ALTA VERAPAZ,CHAHAL,INSTITUTO DE EDUCACION DIVERSIFICADA POR COOPERATIVA DE ENSENANZA,BARRIO SANTA MARIA,49057786,EDETANO OXOM YAT,,DIVERSIFICADO,COOPERATIVA,URBANA,ABIERTA,MONOLINGUE,VESPERTINA,DIARIO(REGULAR),ALTA VERAPAZ,
305,16-14-1344-46,16-027,ALTA VERAPAZ,CHAHAL,COLEGIO TECNOLOGICO LICENCIADO HUMBERTO RIVERA GARCIA,BARRIO EL CENTRO SAN FERNANDO,79832242,EDETANO OXOM YAT,,DIVERSIFICADO,PRIVADO,URBANA,CERRADA TEMPORALMENTE,MONOLINGUE,VESPERTINA,DIARIO(REGULAR),ALTA VERAPAZ,
306,16-14-1719-46,16-027,ALTA VERAPAZ,CHAHAL,INSTITUTO TECNICO VOCACIONAL SAN AGUSTIN,ALDEA SAN AGUSTIN CHAHAL VIEJO,40096817,EDETANO OXOM YAT,LARRY ALBERTO MONTENEGRO MIRANDA,DIVERSIFICADO,PRIVADO,URBANA,ABIERTA,MONOLINGUE,VESPERTINA,DIARIO(REGULAR),ALTA VERAPAZ,
307,16-15-0002-46,16-028,ALTA VERAPAZ,FRAY BARTOLOME DE LAS CASAS,"COLEGIO PARTICULAR MIXTO ""EL EXITO""",CALLE DEL CAMPO LOTE 287 BARRIO EL CENTRO,,NELY MAGALY QUIJADA AYALA,BAUDILIO SOTO GARCIA,DIVERSIFICADO,PRIVADO,URBANA,ABIERTA,MONOLINGUE,NOCTURNA,DIARIO(REGULAR),ALTA VERAPAZ,
308,16-15-0004-46,16-028,ALTA VERAPAZ,FRAY BARTOLOME DE LAS CASAS,CENTRO DE PROMOCION FEMENINA RATZ UM KICHE ,ALDEA BOLONCO,,NELY MAGALY QUIJADA AYALA,HERMANA MILEIDI CORDERO BIZONDO,DIVERSIFICADO,PRIVADO,URBANA,CERRADA TEMPORALMENTE,MONOLINGUE,DOBLE,FIN DE SEMANA,ALTA VERAPAZ,
309,16-15-0096-46,16-028,ALTA VERAPAZ,FRAY BARTOLOME DE LAS CASAS,INSTITUTO NACIONAL DE EDUCACION DIVERSIFICADA,CASCO URBANO,57192698,NELY MAGALY QUIJADA AYALA,,DIVERSIFICADO,OFICIAL,URBANA,ABIERTA,MONOLINGUE,VESPERTINA,DIARIO(REGULAR),ALTA VERAPAZ,
310,16-15-0127-46,16-028,ALTA VERAPAZ,FRAY BARTOLOME DE LAS CASAS,COLEGIO PARTICULAR MIXTO FRAY BARTOLOME DE LAS CASAS,CALLE PRINCIPAL 5-81 ZONA 1,58886168,NELY MAGALY QUIJADA AYALA,EDWIN LOYD THOMPSON LARIOS,DIVERSIFICADO,PRIVADO,URBANA,ABIERTA,MONOLINGUE,VESPERTINA,DIARIO(REGULAR),ALTA VERAPAZ,
311,16-15-0128-46,16-028,ALTA VERAPAZ,FRAY BARTOLOME DE LAS CASAS,"COLEGIO PARTICULAR MIXTO ""EL EXITO""",CALLE PRINCIPAL DEL BARRIO EL CENTRO,79520351,NELY MAGALY QUIJADA AYALA,OSCAR RENE NAVAS PACHECO,DIVERSIFICADO,PRIVADO,URBANA,ABIERTA,MONOLINGUE,VESPERTINA,DIARIO(REGULAR),ALTA VERAPAZ,
312,16-15-0130-46,16-028,ALTA VERAPAZ,FRAY BARTOLOME DE LAS CASAS,"LICEO TECNOLOGICO ""JOSE DE JESUS""",1RA. CALLE 13-18 ZONA 2,30358725,NELY MAGALY QUIJADA AYALA,MANUEL DE JESUS RALIOS,DIVERSIFICADO,PRIVADO,URBANA,ABIERTA,MONOLINGUE,DOBLE,FIN DE SEMANA,ALTA VERAPAZ,
313,16-15-0154-46,16-028,ALTA VERAPAZ,FRAY BARTOLOME DE LAS CASAS,COLEGIO PARTICULAR MIXTO EL EXITO,BARRIO EL CENTRO,30464145,NELY MAGALY QUIJADA AYALA,OSCAR RENE NAVAS PACHECO,DIVERSIFICADO,PRIVADO,URBANA,ABIERTA,MONOLINGUE,MATUTINA,DIARIO(REGULAR),ALTA VERAPAZ,
314,16-15-0156-46,16-028,ALTA VERAPAZ,FRAY BARTOLOME DE LAS CASAS,INSTITUTO MIXTO DE EDUCACION BILINGUE INTERCULTURAL,ANTIGUA CASA CAMPESINA INTA ZONA 2,79514189,NELY MAGALY QUIJADA AYALA,OSCAR ROLANDO TZUL CAAL,DIVERSIFICADO,PRIVADO,URBANA,ABIERTA,BILINGUE,VESPERTINA,DIARIO(REGULAR),ALTA VERAPAZ,
315,16-15-0157-46,16-039,ALTA VERAPAZ,FRAY BARTOLOME DE LAS CASAS,CENTRO DE PROMOCION FEMENINA RAT ZUM K ICHE ,ALDEA BOLONCO,55146762,ELMER DUBAN ALVARADO JASSE,MERCEDES QUIROS QUIROS,DIVERSIFICADO,PRIVADO,RURAL,ABIERTA,BILINGUE,VESPERTINA,DIARIO(REGULAR),ALTA VERAPAZ,
316,16-15-0163-46,16-028,ALTA VERAPAZ,FRAY BARTOLOME DE LAS CASAS,COLEGIO PARTICULAR MIXTO EL EXITO,"CALLE DEL CAMPO LOTE 287, BARRIO EL CENTRO",79510090,NELY MAGALY QUIJADA AYALA,OSCAR RENE NAVAS PACHECO,DIVERSIFICADO,PRIVADO,URBANA,CERRADA TEMPORALMENTE,MONOLINGUE,MATUTINA,DIARIO(REGULAR),ALTA VERAPAZ,
317,16-15-0164-46,16-028,ALTA VERAPAZ,FRAY BARTOLOME DE LAS CASAS,COLEGIO PARTICULAR MIXTO EL EXITO,"CALLE DEL CAMPO LOTE 287, BARRIO EL CENTRO",79510090,NELY MAGALY QUIJADA AYALA,OSCAR RENE NAVAS PACHECO,DIVERSIFICADO,PRIVADO,URBANA,ABIERTA,MONOLINGUE,DOBLE,FIN DE SEMANA,ALTA VERAPAZ,
318,16-15-1474-46,16-028,ALTA VERAPAZ,FRAY BARTOLOME DE LAS CASAS,LICEO TECNOLOGICO JOSE DE JESUS,1A. CALLE 13-18 ZONA 2 FRAY BARTOLOME DE LAS CASAS,78422471,NELY MAGALY QUIJADA AYALA,,DIVERSIFICADO,PRIVADO,URBANA,ABIERTA,MONOLINGUE,VESPERTINA,DIARIO(REGULAR),ALTA VERAPAZ,
319,16-15-2330-46,16-028,ALTA VERAPAZ,FRAY BARTOLOME DE LAS CASAS,INSTITUTO MIXTO PRIVADO DE MAGISTERIO BILINGUE,BARRIO MAGISTERIO,31774021,NELY MAGALY QUIJADA AYALA,,DIVERSIFICADO,PRIVADO,URBANA,ABIERTA,MONOLINGUE,VESPERTINA,DIARIO(REGULAR),ALTA VERAPAZ,
320,16-16-0049-46,16-030,ALTA VERAPAZ,LA TINTA,INSTITUTO NACIONAL DE EDUCACION DIVERSIFICADA,CASCO URBANO,51625336,HERMELINDO COC CHUB,,DIVERSIFICADO,OFICIAL,URBANA,ABIERTA,MONOLINGUE,VESPERTINA,DIARIO(REGULAR),ALTA VERAPAZ,
321,16-16-0071-46,16-030,ALTA VERAPAZ,LA TINTA,INSTITUTO MIXTO PRIVADO LATINO,"BARRIO PENA BLANCA, ZONA 6",30300170,HERMELINDO COC CHUB,LUIS ALFONSO SIS DE LEON,DIVERSIFICADO,PRIVADO,URBANA,ABIERTA,MONOLINGUE,VESPERTINA,DIARIO(REGULAR),ALTA VERAPAZ,
322,16-16-0072-46,16-030,ALTA VERAPAZ,LA TINTA,INSTITUTO MIXTO DE EDUCACION BILINGUE INTERCULTURAL -IMEBI-,"BARRIO EL CALVARIO, ZONA 5",79514189,HERMELINDO COC CHUB,HUGO FELINO COY CHUB,DIVERSIFICADO,PRIVADO,RURAL,ABIERTA,MONOLINGUE,DOBLE,FIN DE SEMANA,ALTA VERAPAZ,
323,16-16-0109-46,16-038,ALTA VERAPAZ,LA TINTA,INSTITUTO NACIONAL DE EDUCACION DIVERSIFICADA,ALDEA JOLOMIJIXITO III,49355658,ELFIDO WILFREDO ARTOLA CAAL,,DIVERSIFICADO,OFICIAL,RURAL,ABIERTA,BILINGUE,VESPERTINA,DIARIO(REGULAR),ALTA VERAPAZ,
324,16-16-0110-46,16-030,ALTA VERAPAZ,LA TINTA,COLEGIO PRIVADO MIXTO SANTA CATALINA,BARRIO EL CENTRO,79510080,HERMELINDO COC CHUB,HUGO FELINO COY CHUB,DIVERSIFICADO,PRIVADO,URBANA,ABIERTA,BILINGUE,DOBLE,FIN DE SEMANA,ALTA VERAPAZ,
325,16-16-0112-46,16-030,ALTA VERAPAZ,LA TINTA,COLEGIO PARTICULAR MIXTO TINTECO MARIA TERESA,"ZONA 8, BARRIO EL RECREO",45647830,HERMELINDO COC CHUB,JOSE GILBERTO ARTOLA CHOC,DIVERSIFICADO,PRIVADO,URBANA,ABIERTA,MONOLINGUE,VESPERTINA,DIARIO(REGULAR),ALTA VERAPAZ,
326,16-16-0116-46,16-030,ALTA VERAPAZ,LA TINTA,INSTITUTO MIXTO PRIVADO LATINO,BARRIO PENA BLANCA ZONA 6,48067726,HERMELINDO COC CHUB,,DIVERSIFICADO,PRIVADO,URBANA,ABIERTA,MONOLINGUE,MATUTINA,FIN DE SEMANA,ALTA VERAPAZ,
327,16-16-0118-46,16-030,ALTA VERAPAZ,LA TINTA,COLEGIO PRIVADO MIXTO SANTA CATALINA,BARRIO EL CENTRO,30829001,HERMELINDO COC CHUB,HUGO FELINO COY CHUB,DIVERSIFICADO,PRIVADO,URBANA,CERRADA TEMPORALMENTE,MONOLINGUE,MATUTINA,FIN DE SEMANA,ALTA VERAPAZ,
328,16-16-0119-46,16-030,ALTA VERAPAZ,LA TINTA,COLEGIO PRIVADO MIXTO SANTA CATALINA,BARRIO EL CENTRO,30829001,HERMELINDO COC CHUB,HUGO FELINO COY CHUB,DIVERSIFICADO,PRIVADO,URBANA,ABIERTA,BILINGUE,VESPERTINA,DIARIO(REGULAR),ALTA VERAPAZ,
329,16-16-0125-46,16-030,ALTA VERAPAZ,LA TINTA,"COLEGIO PARTICULAR MIXTO TINTECO ""MARIA TERESA""",SANTA CATALINA LA TINTA,45647830,HERMELINDO COC CHUB,,DIVERSIFICADO,PRIVADO,URBANA,CERRADA TEMPORALMENTE,MONOLINGUE,MATUTINA,FIN DE SEMANA,ALTA VERAPAZ,
330,16-16-0126-46,16-030,ALTA VERAPAZ,LA TINTA,"COLEGIO PARTICULAR MIXTO TINTECO ""MARIA TERESA""",BARRIO CAMPO NUEVO ZONA 2,45647830,HERMELINDO COC CHUB,,DIVERSIFICADO,PRIVADO,URBANA,ABIERTA,MONOLINGUE,DOBLE,FIN DE SEMANA,ALTA VERAPAZ,
331,16-16-0131-46,16-030,ALTA VERAPAZ,LA TINTA,INSTITUTO MIXTO PRIVADO LATINO,BARRIO PENA BLANCA ZONA 6,37311196,HERMELINDO COC CHUB,ARISTIDES EFREN LOPEZ GOMEZ,DIVERSIFICADO,PRIVADO,URBANA,ABIERTA,MONOLINGUE,DOBLE,FIN DE SEMANA,ALTA VERAPAZ,
332,16-16-0132-46,16-030,ALTA VERAPAZ,LA TINTA,INSTITUTO MIXTO PRIVADO LATINO,"BARRIO PENA BLANCA, ZONA 6",37311196,HERMELINDO COC CHUB,ARISTIDES EFREN LOPEZ GOMEZ,DIVERSIFICADO,PRIVADO,URBANA,ABIERTA,MONOLINGUE,SIN JORNADA,SEMIPRESENCIAL (FIN DE SEMANA),ALTA VERAPAZ,
333,16-16-0134-46,16-030,ALTA VERAPAZ,LA TINTA,COLEGIO PARTICULAR MIXTO TINTECO MARIA TERESA,BARRIO CAMPO NUEVO,37229189,HERMELINDO COC CHUB,LILYANA ELIZABETH ARTOLA CHOC,DIVERSIFICADO,PRIVADO,URBANA,ABIERTA,MONOLINGUE,SIN JORNADA,SEMIPRESENCIAL (FIN DE SEMANA),ALTA VERAPAZ,
334,16-16-0135-46,16-030,ALTA VERAPAZ,LA TINTA,LICEO CRISTIANO EBENEZER,"BARRIO CAMPO NUEVO, ZONA 2",57439100,HERMELINDO COC CHUB,ROSAURA HERLINDA LAJUJ ALVARADO,DIVERSIFICADO,PRIVADO,URBANA,ABIERTA,MONOLINGUE,MATUTINA,DIARIO(REGULAR),ALTA VERAPAZ,
335,16-16-0136-46,16-030,ALTA VERAPAZ,LA TINTA,LICEO CRISTIANO EBENEZER,"BARRIO CAMPO NUEVO, ZONA 2",57439100,HERMELINDO COC CHUB,ROSAURA HERLINDA LAJUJ ALVARADO,DIVERSIFICADO,PRIVADO,URBANA,ABIERTA,MONOLINGUE,DOBLE,FIN DE SEMANA,ALTA VERAPAZ,
336,16-16-0138-46,16-030,ALTA VERAPAZ,LA TINTA,COLEGIO PRIVADO MIXTO SANTA CATALINA,BARRIO EL CENTRO,30829001,HERMELINDO COC CHUB,ANA MARIBEL BELTRAN CALAT DE LEAL,DIVERSIFICADO,PRIVADO,URBANA,ABIERTA,MONOLINGUE,SIN JORNADA,SEMIPRESENCIAL (FIN DE SEMANA),ALTA VERAPAZ,
337,16-16-0139-46,16-038,ALTA VERAPAZ,LA TINTA,LICEO CRISTIANO EBENEZER,"BARRIO CAMPO NUEVO, ZONA 2",57439100,ELFIDO WILFREDO ARTOLA CAAL,ROSAURA HERLINDA LAJUJ ALVARADO,DIVERSIFICADO,PRIVADO,URBANA,ABIERTA,MONOLINGUE,MATUTINA,DIARIO(REGULAR),ALTA VERAPAZ,
338,16-16-8541-46,16-030,ALTA VERAPAZ,LA TINTA,INSTITUTO MIXTO PRIVADO 'EL PORVENIR',BARRIO EL CENTRO ZONA 1,46580200,HERMELINDO COC CHUB,,DIVERSIFICADO,PRIVADO,URBANA,ABIERTA,MONOLINGUE,VESPERTINA,DIARIO(REGULAR),ALTA VERAPAZ,
339,16-17-0066-46,16-026,ALTA VERAPAZ,RAXRUHA,"INSTITUTO MIXTO DE MAGISTERIO BILINGUE ""SAN ANTONIO DE PADUA""",BARRIO SANTA MARIA,57596947,ILEANA VERONICA MACZ CALACH,,DIVERSIFICADO,PRIVADO,URBANA,ABIERTA,MONOLINGUE,VESPERTINA,DIARIO(REGULAR),ALTA VERAPAZ,
340,16-17-0071-46,16-017,ALTA VERAPAZ,RAXRUHA,COLEGIO MIXTO PRIVADO BILINGUE SAN JUAN,BARRIO CONCEPCION,53303170,FREDY OSWALDO TEYUL CHIQUIN,,DIVERSIFICADO,PRIVADO,URBANA,CERRADA TEMPORALMENTE,MONOLINGUE,VESPERTINA,DIARIO(REGULAR),ALTA VERAPAZ,
341,16-17-0081-46,16-026,ALTA VERAPAZ,RAXRUHA,COLEGIO MIXTO PRIVADO BILINGUE SAN JUAN,BARRIO CONCEPCION,,ILEANA VERONICA MACZ CALACH,ANGEL YONNY GARCIA MOLINA,DIVERSIFICADO,PRIVADO,URBANA,CERRADA TEMPORALMENTE,MONOLINGUE,DOBLE,FIN DE SEMANA,ALTA VERAPAZ,
342,16-17-0115-46,16-026,ALTA VERAPAZ,RAXRUHA,LICEO SAN JOSE LA PRIMAVERA,ALDEA SAN JOSE EL TESORO,58035046,ILEANA VERONICA MACZ CALACH,NILSA ESMERALDA GARCIA BENITEZ,DIVERSIFICADO,PRIVADO,RURAL,CERRADA TEMPORALMENTE,MONOLINGUE,VESPERTINA,DIARIO(REGULAR),ALTA VERAPAZ,
343,16-17-0120-46,16-017,ALTA VERAPAZ,RAXRUHA,INSTITUTO MIXTO DE EDUCACION BILINGUE INTERCULTURAL -IMEBI-,BARRIO SANTA MARIA,58209425,FREDY OSWALDO TEYUL CHIQUIN,ROMULO EFREN QUIROA LUIS,DIVERSIFICADO,PRIVADO,URBANA,CERRADA TEMPORALMENTE,MONOLINGUE,DOBLE,FIN DE SEMANA,ALTA VERAPAZ,
344,16-17-0123-46,16-026,ALTA VERAPAZ,RAXRUHA,INSTITUTO NACIONAL DE EDUCACION DIVERSIFICADA,BARRIO CONCEPCION,33530288,ILEANA VERONICA MACZ CALACH,JOSE MANUEL DE LA CRUZ RAMIREZ,DIVERSIFICADO,OFICIAL,URBANA,ABIERTA,MONOLINGUE,VESPERTINA,DIARIO(REGULAR),ALTA VERAPAZ,
345,16-17-0143-46,16-050,ALTA VERAPAZ,RAXRUHA,CENTRO DE EDUCACION EXTRAESCOLAR,RAXRUHA,48488623,MAXIMILIANO CHUB ICAL,EDGAR FLORENCIO TUT CHUB,DIVERSIFICADO,OFICIAL,URBANA,ABIERTA,MONOLINGUE,DOBLE,SEMIPRESENCIAL,ALTA VERAPAZ,
346,16-17-0144-46,16-026,ALTA VERAPAZ,RAXRUHA,"INSTITUTO MIXTO DE MAGISTERIO BILINGUE ""SAN ANTONIO DE PADUA""",BARRIO SANTA MARIA,40659805,ILEANA VERONICA MACZ CALACH,MATEO COC CUC,DIVERSIFICADO,PRIVADO,URBANA,ABIERTA,MONOLINGUE,DOBLE,FIN DE SEMANA,ALTA VERAPAZ,
347,16-17-0147-46,16-026,ALTA VERAPAZ,RAXRUHA,"INSTITUTO MIXTO DE MAGISTERIO BILINGUE ""SAN ANTONIO DE PADUA""",BARRIO SANTA MARIA,57533118,ILEANA VERONICA MACZ CALACH,MATEO COC CUC,DIVERSIFICADO,PRIVADO,URBANA,ABIERTA,MONOLINGUE,SIN JORNADA,SEMIPRESENCIAL (FIN DE SEMANA),ALTA VERAPAZ,
