CODIGO,DISTRITO,DEPARTAMENTO,MUNICIPIO,ESTABLECIMIENTO,DIRECCION,TELEFONO,SUPERVISOR,DIRECTOR,NIVEL,SECTOR,AREA,STATUS,MODALIDAD,JORNADA,PLAN,DEPARTAMENTAL
"07-01-0059-46,07-019,SOLOLA,SOLOLA,""LICEO TECNOLOGICO BILINGUE """"CUAUHTEMALLAN DE SOLOLA"""""",7 CALLE 3-25 ZONA 1,35923669,ESTELA BEN AJCALÓN DE TUY,MOISES GUARCAX CHIROY,DIVERSIFICADO,PRIVADO,URBANA,ABIERTA,MONOLINGUE,MATUTINA,DIARIO(REGULAR),SOLOLÁ"
"07-01-0060-46,07-019,SOLOLA,SOLOLA,""LICEO TECNOLOGICO BILINGUE """"CUAUTHEMALLAN DE SOLOLA"""""",""7 CALLE 3-25 ZONA 1, BARRIO SAN ANTONIO"",77621955,ESTELA BEN AJCALÓN DE TUY,ROLANDO COY YAQUI,DIVERSIFICADO,PRIVADO,URBANA,CERRADA TEMPORALMENTE,MONOLINGUE,VESPERTINA,DIARIO(REGULAR),SOLOLÁ"
"07-01-0061-46,07-019,SOLOLA,SOLOLA,""LICEO TECNOLOGICO BILINGUE """"CUAUHTEMALLAN DE SOLOLA"""""",""7 CALLE 3-25 ZONA 1, BARRIO SAN ANTONIO"",35923669,ESTELA BEN AJCALÓN DE TUY,MOISES GUARCAX CHIROY,DIVERSIFICADO,PRIVADO,URBANA,ABIERTA,MONOLINGUE,DOBLE,DIARIO(REGULAR),SOLOLÁ"
07-01-0096-46,07-019,SOLOLA,SOLOLA,COLEGIO MONTE SION,6A. AVENIDA 8-07 ZONA 2 BARRIO EL CALVARIO,77623832,ESTELA BEN AJCALÓN DE TUY,JOSÉ DAVID TZAY PUÁC,DIVERSIFICADO,PRIVADO,URBANA,ABIERTA,MONOLINGUE,MATUTINA,DIARIO(REGULAR),SOLOLÁ
07-01-0100-46,07-004,SOLOLA,SOLOLA,INSTITUTO NACIONAL DE EDUCACIÓN DIVERSIFICADA,ALDEA ARGUETA,47394202,VÍCTOR MIGUEL MENCHÚ MENCHÚ,-,DIVERSIFICADO,OFICIAL,RURAL,ABIERTA,MONOLINGUE,VESPERTINA,DIARIO(REGULAR),SOLOLÁ
07-01-0105-46,07-005,SOLOLA,SOLOLA,INSTITUTO NACIONAL DE EDUCACION DIVERSIFICADA,5AV. Y 13 CALLE ESQUINA ZONA 1,,JUSTO SANTIAGO PONCIO PÚ,---,DIVERSIFICADO,OFICIAL,URBANA,CERRADA TEMPORALMENTE,MONOLINGUE,INTERMEDIA,DIARIO(REGULAR),SOLOLÁ
07-01-0106-46,07-019,SOLOLA,SOLOLA,INSTITUTO NACIONAL DE EDUCACION DIVERSIFICADA,5TA. CALLE 0-37 BARRIO SAN ANTONIO,47583510,ESTELA BEN AJCALÓN DE TUY,PAULINA ESTER GONZÁLEZ PETZEY,DIVERSIFICADO,OFICIAL,URBANA,ABIERTA,MONOLINGUE,VESPERTINA,DIARIO(REGULAR),SOLOLÁ
"07-01-0121-46,07-004,SOLOLA,SOLOLA,CENTRO EDUCATIVO DE FORMACION PROFESIONAL CEFPRO,""CASERÍO COXOM, ALDEA SAN JUAN ARGUETA"",59356919,VÍCTOR MIGUEL MENCHÚ MENCHÚ,ELÍAS MIGUEL ROSALES TAHAY,DIVERSIFICADO,PRIVADO,RURAL,ABIERTA,MONOLINGUE,DOBLE,FIN DE SEMANA,SOLOLÁ"
"07-01-0124-46,07-019,SOLOLA,SOLOLA,""LICEO TECNOLOGICO BILINGUE """"CUAUHTEMALLAN DE SOLOLÁ"""""",7A. CALLE 3-25 ZONA 1 BARRIO SAN ANTONIO,35923669,ESTELA BEN AJCALÓN DE TUY,MOISES GUARCAX CHIROY,DIVERSIFICADO,PRIVADO,URBANA,ABIERTA,MONOLINGUE,DOBLE,FIN DE SEMANA,SOLOLÁ"
"07-01-0144-46,07-019,SOLOLA,SOLOLA,""COLEGIO CIENTIFICO """"MONTESSORI"""""",""9A. CALLE 8-81 ZONA 2, BARRIO EL CALVARIO"",77623427,ESTELA BEN AJCALÓN DE TUY,YOVANY ISRAEL ROSALES CORZO,DIVERSIFICADO,PRIVADO,URBANA,ABIERTA,MONOLINGUE,VESPERTINA,DIARIO(REGULAR),SOLOLÁ"
07-01-0152-46,07-003,SOLOLA,SOLOLA,LICEO PROFESIONAL LAS AMERICAS,CASERIO CENTRAL CANTON EL TABLON,77624703,VÍCTOR CHUMIL CHIROY,CAMILIO YAXÓN COSIGUÁ,DIVERSIFICADO,PRIVADO,RURAL,ABIERTA,MONOLINGUE,DOBLE,FIN DE SEMANA,SOLOLÁ
"07-01-0158-46,07-002,SOLOLA,SOLOLA,INSTITUTO MIXTO DE EDUCACIÓN DIVERSIFICADA POR COOPERATIVA,""CASERÍO CENTRAL, ALDEA PIXABAJ"",45684531,CARLOS RIGOBERTO POS TUY,DAVID FERNANDO PAZ LPEZ,DIVERSIFICADO,COOPERATIVA,RURAL,ABIERTA,MONOLINGUE,VESPERTINA,DIARIO(REGULAR),SOLOLÁ"
"07-01-0162-46,07-004,SOLOLA,SOLOLA,INSTITUTO DE EDUCACIÓN DIVERSIFICADA POR COOPERATIVA CHAQUIJYÁ,""CASERÍO COOPERATIVA, ALDEA CHAQUIJYÁ"",44554930,VÍCTOR MIGUEL MENCHÚ MENCHÚ,VÍCTOR SALOJ YAXÓN,DIVERSIFICADO,COOPERATIVA,RURAL,ABIERTA,MONOLINGUE,VESPERTINA,DIARIO(REGULAR),SOLOLÁ"
"07-01-0164-46,07-019,SOLOLA,SOLOLA,INSTITUTO TECNOLÓGICO DE LA UNIVERSIDAD DEL VALLE DE GUATEMALA ALTIPLANO,""KM. 137, CASERÍO XOLBÉ ALDEA EL TABLÓN"",79310814,ESTELA BEN AJCALÓN DE TUY,MISAEL ANTONIO ESQUINA QUINOM,DIVERSIFICADO,PRIVADO,RURAL,ABIERTA,MONOLINGUE,MATUTINA,DIARIO(REGULAR),SOLOLÁ"
"07-01-0165-46,07-019,SOLOLA,SOLOLA,ESCUELA EN CIENCIAS DE LA COMPUTACIÓN,""3RA. CALLE 1-30 ZONA 1, BARRIO SAN ANTONIO"",77625180,ESTELA BEN AJCALÓN DE TUY,LUIS LEONARDO ARGUETA MOGOLLON,DIVERSIFICADO,PRIVADO,URBANA,ABIERTA,MONOLINGUE,DOBLE,FIN DE SEMANA,SOLOLÁ"
"07-01-0166-46,07-019,SOLOLA,SOLOLA,ESCUELA EN CIENCIAS DE LA COMPUTACIÓN,""3RA. CALLE 1-30 ZONA 1, BARRIO SAN ANTONIO"",77625180,ESTELA BEN AJCALÓN DE TUY,LUIS LEONARDO ARGUETA MOGOLLON,DIVERSIFICADO,PRIVADO,URBANA,ABIERTA,MONOLINGUE,MATUTINA,DIARIO(REGULAR),SOLOLÁ"
"07-01-0171-46,07-003,SOLOLA,SOLOLA,""COLEGIO DE EDUCACIÓN BÁSICA IMPACTO, EMPODERANDO MUJERES"",""KM. 137, CASERÍO XOLBE, ALDEA EL TABLÓN"",32815153,VÍCTOR CHUMIL CHIROY,VILMA VERÓNICA SALOJ CHIYAL,DIVERSIFICADO,PRIVADO,RURAL,ABIERTA,MONOLINGUE,MATUTINA,DIARIO(REGULAR),SOLOLÁ"
07-01-0174-46,07-024,SOLOLA,SOLOLA,PROGRAMA NACIONAL DE EDUCACIÓN ALTERNATIVA -PRONEA-,13AV. 3-18 BARRIO EL CARMEN,77289930,FREDY EDGAR LEONEL URIZAR RODRIGUEZ,FREDY EDGAR URÍZAR RODRÍGUEZ,DIVERSIFICADO,OFICIAL,URBANA,ABIERTA,MONOLINGUE,DOBLE,A DISTANCIA,SOLOLÁ
"07-01-0175-46,07-024,SOLOLA,SOLOLA,""""""CENTRO DE EDUCACIÓN EXTRAESCOLAR -CEEX-DEPARTAMENTAL"""""",13 CALLE 3-18 ZONA 1,42168347,FREDY EDGAR LEONEL URIZAR RODRIGUEZ,FREDY EDGAR URÍZAR RODRÍGUEZ,DIVERSIFICADO,OFICIAL,URBANA,ABIERTA,MONOLINGUE,DOBLE,SEMIPRESENCIAL,SOLOLÁ"
"07-01-0181-46,07-003,SOLOLA,SOLOLA,""LICEO PROFESIONAL """"LAS AMERICAS"""""",""CASERÍO CENTRAL, CANTÓN EL TABLÓN"",77623985,VÍCTOR CHUMIL CHIROY,CAMILIO YAXÓN COSIGUÁ,DIVERSIFICADO,PRIVADO,RURAL,ABIERTA,MONOLINGUE,SIN JORNADA,SEMIPRESENCIAL (UN DÍA A LA SEMANA),SOLOLÁ"
"07-01-0184-46,07-004,SOLOLA,SOLOLA,CENTRO EDUCATIVO DE FORMACIÓN PROFESIONAL CEFPRO,""CASERÍO COXOM, ALDEA SAN JUAN ARGUETA"",33007964,VÍCTOR MIGUEL MENCHÚ MENCHÚ,ELÍAS MIGUEL ROSALES TAHAY,DIVERSIFICADO,PRIVADO,RURAL,ABIERTA,MONOLINGUE,SIN JORNADA,SEMIPRESENCIAL (FIN DE SEMANA),SOLOLÁ"
07-01-0195-46,07-019,SOLOLA,SOLOLA,CENTRO EDUCATIVO INTERCULTURAL PARA EL DESARROLLO COMUNITARIO CEIDECO,5AV. 2-28 ZONA 1 BARRIO SAN ANTONIO,55629690,ESTELA BEN AJCALÓN DE TUY,VILMA JEANNETTE PAR GIRÓN ALVARADO,DIVERSIFICADO,PRIVADO,URBANA,ABIERTA,MONOLINGUE,SIN JORNADA,SEMIPRESENCIAL (FIN DE SEMANA),SOLOLÁ
"07-01-0198-46,07-019,SOLOLA,SOLOLA,""INSTITUTO PRIVADO URBANO MIXTO """"SOLOLÁ"""""",6TA. AVENIDA 6-37 BARRIO EL CALVARIO ZONA 2,77623103,ESTELA BEN AJCALÓN DE TUY,CARLOS VENANCIO MELETZ TOC,DIVERSIFICADO,PRIVADO,URBANA,ABIERTA,MONOLINGUE,SIN JORNADA,SEMIPRESENCIAL (UN DÍA A LA SEMANA),SOLOLÁ"
"07-01-0200-46,07-019,SOLOLA,SOLOLA,CENTRO EDUCATIVO DE FORMACIÓN TÉCNICA -CEFTEC-,""6 AVENIDA 13-60 ZONA 1, BARRIO EL CARMEN"",58255240,ESTELA BEN AJCALÓN DE TUY,ISRAEL CHOCOJ YAC,DIVERSIFICADO,PRIVADO,URBANA,ABIERTA,MONOLINGUE,SIN JORNADA,SEMIPRESENCIAL (UN DÍA A LA SEMANA),SOLOLÁ"
07-01-0499-46,07-019,SOLOLA,SOLOLA,ESCUELA NACIONAL DE CIENCIAS COMERCIALES,13 CALLE Y 5A AVE. ESQUINA ZONA 1,77624233,ESTELA BEN AJCALÓN DE TUY,RAMIRO PANJOJ BULUX,DIVERSIFICADO,OFICIAL,URBANA,ABIERTA,MONOLINGUE,VESPERTINA,DIARIO(REGULAR),SOLOLÁ
07-01-0500-46,07-019,SOLOLA,SOLOLA,ESCUELA NORMAL PRIVADA,13 CALLE FINAL ZONA 1 COLONIA MIRALINDA,77624433,ESTELA BEN AJCALÓN DE TUY,JORGE MARIO ZELADA SÁNCHEZ,DIVERSIFICADO,PRIVADO,URBANA,ABIERTA,MONOLINGUE,VESPERTINA,DIARIO(REGULAR),SOLOLÁ
"07-01-0577-46,07-019,SOLOLA,SOLOLA,COLEGIO INTEGRAL SOLOLATECO,""6TA. AVENIDA 6-37 ZONA 2, BARRIO EL CALVARIO"",77623709,ESTELA BEN AJCALÓN DE TUY,ELSA JEANETT SÁNCHEZ SOTO,DIVERSIFICADO,PRIVADO,URBANA,ABIERTA,BILINGUE,VESPERTINA,DIARIO(REGULAR),SOLOLÁ"
"07-01-0691-46,07-019,SOLOLA,SOLOLA,""COLEGIO PRIVADO URBANO PARA VARONES """"ATITLÁN"""""",13 CALLE 03-19 ZONA 1 BARRIO EL CARMEN,77623319,ESTELA BEN AJCALÓN DE TUY,FRANCISCO ROLANDO ALVARADO RECINOS,DIVERSIFICADO,PRIVADO,URBANA,ABIERTA,MONOLINGUE,VESPERTINA,DIARIO(REGULAR),SOLOLÁ"
"07-01-0693-46,07-004,SOLOLA,SOLOLA,""INSTITUTO DE CIENCIAS COMERCIALES POR COOPERATIVA RURAL MIXTO """"SAN JUAN BAUTISTA"""""",ALDEA SAN JUAN ARGUETA,40579014,VÍCTOR MIGUEL MENCHÚ MENCHÚ,WILMER GABRIEL MENCHÚ AJPACAJÁ,DIVERSIFICADO,COOPERATIVA,RURAL,ABIERTA,BILINGUE,VESPERTINA,DIARIO(REGULAR),SOLOLÁ"
"07-01-2483-46,07-019,SOLOLA,SOLOLA,ESCUELA EN CIENCIAS DE LA COMPUTACION,""3A. CALLE 1-30 ZONA 1, BARRIO SAN ANTONIO"",58343319,ESTELA BEN AJCALÓN DE TUY,,DIVERSIFICADO,PRIVADO,URBANA,ABIERTA,MONOLINGUE,DOBLE,DIARIO(REGULAR),SOLOLÁ"
07-01-2568-46,07-019,SOLOLA,SOLOLA,COLEGIO MONTE SION,6A. AVENIDA 8-07 ZONA 2 BARRIO EL CALVARIO,77623832,ESTELA BEN AJCALÓN DE TUY,JOSÉ DAVID TZAY PUÁC,DIVERSIFICADO,PRIVADO,URBANA,ABIERTA,MONOLINGUE,VESPERTINA,DIARIO(REGULAR),SOLOLÁ
07-01-2687-46,25-000,SOLOLA,SOLOLA,INSTITUTO GUATEMALTECO DE EDUCACION RADIOFONICA (IGER),,,SONIA HAYDEE REYES MONTERROSO,,DIVERSIFICADO,PRIVADO,URBANA,CERRADA TEMPORALMENTE,MONOLINGUE,MATUTINA,A DISTANCIA,SOLOLÁ
"07-01-2702-46,07-003,SOLOLA,SOLOLA,CENTRO EDUCATIVO COMUNITARIO MAYA TIJOB ÄL TZ OLOJYA,""CASERIO CENTRAL, ALDEA EL TABLÓN"",77624283,VÍCTOR CHUMIL CHIROY,SANTIAGO PANJOJ TUY,DIVERSIFICADO,PRIVADO,RURAL,ABIERTA,BILINGUE,VESPERTINA,DIARIO(REGULAR),SOLOLÁ"
07-01-2737-46,07-019,SOLOLA,SOLOLA,ESCUELA DE FORMACION AGRICOLA,CASERIO MOLINO BELÉN,33048676,ESTELA BEN AJCALÓN DE TUY,,DIVERSIFICADO,OFICIAL,RURAL,CERRADA TEMPORALMENTE,BILINGUE,DOBLE,DIARIO(REGULAR),SOLOLÁ
"07-01-2767-46,07-019,SOLOLA,SOLOLA,ESCUELA NORMAL DE EDUCACION FISICA,""5TA. AVENIDA 2-28 ZONA 1, BARRIO SAN ANTONIO"",77625207,ESTELA BEN AJCALÓN DE TUY,JUANA NICOLASA TZORÍN ORDÓÑEZ,DIVERSIFICADO,OFICIAL,URBANA,ABIERTA,MONOLINGUE,DOBLE,DIARIO(REGULAR),SOLOLÁ"
"07-01-2768-46,07-019,SOLOLA,SOLOLA,INSTITUTO TECNOLOGICO DE LA UNIVERSIDAD DEL VALLE DE GUATEMALA ALTIPLANO,""KM. 137, CASERÍO XOLBÉ ALDEA EL TABLÓN"",79310814,ESTELA BEN AJCALÓN DE TUY,MISAEL ANTONIO ESQUINA QUINOM,DIVERSIFICADO,PRIVADO,RURAL,ABIERTA,MONOLINGUE,DOBLE,DIARIO(REGULAR),SOLOLÁ"
07-01-2795-46,,SOLOLA,SOLOLA,INSTITUTO EDUCATIVO TULAN,CASERIO SANTA MARIA ALDEA EL TABLON,,,,DIVERSIFICADO,PRIVADO,RURAL,CERRADA TEMPORALMENTE,MONOLINGUE,MATUTINA,DOMINICAL,SOLOLÁ
"07-01-2807-46,07-019,SOLOLA,SOLOLA,""LICEO MIXTO PRIVADO """"SOLOLA"""""",13 CALLE ENTRE 4 Y 5 CALLE ZONA 1 BARRIO EL CARMEN,55752442,ESTELA BEN AJCALÓN DE TUY,,DIVERSIFICADO,PRIVADO,URBANA,CERRADA TEMPORALMENTE,MONOLINGUE,VESPERTINA,DIARIO(REGULAR),SOLOLÁ"
07-01-2837-46,07-019,SOLOLA,SOLOLA,ESCUELA PRIVADA DE CIENCIAS COMERCIALES,7A. AV. Y 11 CALLE ZONA 1,77623034,ESTELA BEN AJCALÓN DE TUY,,DIVERSIFICADO,PRIVADO,URBANA,CERRADA TEMPORALMENTE,MONOLINGUE,NOCTURNA,DIARIO(REGULAR),SOLOLÁ
"07-02-0006-46,07-005,SOLOLA,SAN JOSE CHACAYA,INSTITUTO NACIONAL DE EDUCACION DIVERSIFICADA,""ZONA 0, SECTOR CENTRO"",50905091,JUSTO SANTIAGO PONCIO PÚ,ZOILA ELIZABETH CUÁ AJÚ,DIVERSIFICADO,OFICIAL,URBANA,ABIERTA,MONOLINGUE,MATUTINA,DIARIO(REGULAR),SOLOLÁ"
07-03-0002-46,07-014,SOLOLA,SANTA MARIA VISITACION,INSTITUTO NACIONAL DE EDUCACION DIVERSIFICADA,SECTOR SUR,41787615,MAGDALENA SOSA TZOC DE TUJ,GLADIS NOHEMÍ MORENO GÓMEZ,DIVERSIFICADO,OFICIAL,URBANA,ABIERTA,MONOLINGUE,VESPERTINA,DIARIO(REGULAR),SOLOLÁ
07-03-0008-46,07-014,SOLOLA,SANTA MARIA VISITACION,INSTITUTO TÉCNICO CIENTÍFICO INTERCULTURAL -ITECI-,SANTA MARÍA VISITACIÓN,58542494,MAGDALENA SOSA TZOC DE TUJ,MARLENY SARAÍ PUAC DIONISIO DE CHÁVEZ,DIVERSIFICADO,OFICIAL,URBANA,ABIERTA,MONOLINGUE,MATUTINA,DIARIO(REGULAR),SOLOLÁ
07-03-0558-46,07-014,SOLOLA,SANTA MARIA VISITACION,INSTITUTO PRIVADO LA SALLE,.,79271884,MAGDALENA SOSA TZOC DE TUJ,-,DIVERSIFICADO,PRIVADO,URBANA,CERRADA TEMPORALMENTE,MONOLINGUE,DOBLE,DIARIO(REGULAR),SOLOLÁ
07-03-2928-46,07-014,SOLOLA,SANTA MARIA VISITACION,CENTRO EDUCATIVO COMUNITARIO INTERCULTURAL POR MADUREZ CECIM,EDIFICIO DEL INSTITUTO LA SALLE ENTRADA PRINCIPAL,57274128,MAGDALENA SOSA TZOC DE TUJ,VÍCTOR QUICHÉ AJCHÉ,DIVERSIFICADO,PRIVADO,URBANA,ABIERTA,MONOLINGUE,DOBLE,FIN DE SEMANA,SOLOLÁ
"07-04-0008-46,07-006,SOLOLA,SANTA LUCIA UTATLAN,COLEGIO PRIVADO DR. JORGE ROMERO IMERY,""BARRIO """"EL ROSARIO"""""",77221518,ARCADIA PATRICIA SAQUIC YÁC DE YAC,MARCOS JOSUÉ AQUINO NORIEGA,DIVERSIFICADO,PRIVADO,URBANA,ABIERTA,MONOLINGUE,MATUTINA,DIARIO(REGULAR),SOLOLÁ"
"07-04-0009-46,07-006,SOLOLA,SANTA LUCIA UTATLAN,""INSTITUTO PRIVADO DE EDUCACION DIVERSIFICADA """"CONOCIMIENTO Y VERDAD"""""",2DA. CALLE 1-12 ZONA 1,77221533,ARCADIA PATRICIA SAQUIC YÁC DE YAC,HECTOR TIMOTEO CHAVES Y CHAVEZ,DIVERSIFICADO,PRIVADO,URBANA,CERRADA TEMPORALMENTE,MONOLINGUE,VESPERTINA,DIARIO(REGULAR),SOLOLÁ"
07-04-0023-46,07-006,SOLOLA,SANTA LUCIA UTATLAN,INSTITUTO NACIONAL DE EDUCACION DIVERSIFICADA,SANTA LUCIA UTATLAN,45743435,ARCADIA PATRICIA SAQUIC YÁC DE YAC,JAVIER MÁXIMO ALVA NOJ,DIVERSIFICADO,OFICIAL,URBANA,ABIERTA,MONOLINGUE,MATUTINA,DIARIO(REGULAR),SOLOLÁ
"07-04-0038-46,07-006,SOLOLA,SANTA LUCIA UTATLAN,""INSTITUTO PRIVADO DE EDUCACIÓN DIVERSIFICADA """"CONOCIMIENTO Y VERDAD"""""",2DA. CALLE 1-12 ZONA 1,77221533,ARCADIA PATRICIA SAQUIC YÁC DE YAC,HÉCTOR TIMOTEO CHÁVEZ Y CHÁVEZ,DIVERSIFICADO,PRIVADO,URBANA,CERRADA TEMPORALMENTE,MONOLINGUE,DOBLE,FIN DE SEMANA,SOLOLÁ"
"07-04-0041-46,07-006,SOLOLA,SANTA LUCIA UTATLAN,ESCUELA NORMAL REGIONAL DE OCCIDENTE,""PARCELAMIENTO EL MOLINO SAN PEDRO, CANTON CHUCHEXIC"",78234597,ARCADIA PATRICIA SAQUIC YÁC DE YAC,ENRIQUE RAFAEL CHIYAL TÓ,DIVERSIFICADO,OFICIAL,RURAL,ABIERTA,MONOLINGUE,MATUTINA,DIARIO(REGULAR),SOLOLÁ"
"07-04-0042-46,07-006,SOLOLA,SANTA LUCIA UTATLAN,ESCUELA NORMAL REGIONAL DE OCCIDENTE,""CANTÓN CHUCHEXIC, PARCELAMIENTO EL MOLINO SAN PEDRO"",78234597,ARCADIA PATRICIA SAQUIC YÁC DE YAC,ARNOLDO SAQUEO CHÁVEZ XITAMUL,DIVERSIFICADO,OFICIAL,RURAL,ABIERTA,MONOLINGUE,DOBLE,DIARIO(REGULAR),SOLOLÁ"
07-04-0091-46,07-006,SOLOLA,SANTA LUCIA UTATLAN,ESCUELA NORMAL REGIONAL DE OCCIDENTE,CANTON CHUCHEXIC PARCELAMIENTO EL MOLINO SAN PEDRO,78234597,ARCADIA PATRICIA SAQUIC YÁC DE YAC,,DIVERSIFICADO,OFICIAL,RURAL,ABIERTA,BILINGUE,DOBLE,DIARIO(REGULAR),SOLOLÁ
07-04-2766-46,07-006,SOLOLA,SANTA LUCIA UTATLAN,ESCUELA NORMAL INFANTIL BILINGUE ADSCRITA A LA NORMAL REGIONAL DE OCCIDENTE ENRO,FINCA MOLINO SAN PEDRO,78234597,ARCADIA PATRICIA SAQUIC YÁC DE YAC,,DIVERSIFICADO,OFICIAL,RURAL,ABIERTA,BILINGUE,DOBLE,DIARIO(REGULAR),SOLOLÁ
"07-04-3030-46,07-006,SOLOLA,SANTA LUCIA UTATLAN,COLEGIO PRIVADO DR. JORGE ROMERO IMERY,""BARRIO """"EL ROSARIO"""""",77221518,ARCADIA PATRICIA SAQUIC YÁC DE YAC,MARCOS JOSUÉ AQUINO NORIEGA,DIVERSIFICADO,PRIVADO,URBANA,ABIERTA,MONOLINGUE,VESPERTINA,DIARIO(REGULAR),SOLOLÁ"
07-04-3031-46,07-006,SOLOLA,SANTA LUCIA UTATLAN,COLEGIO PRIVADO DR.JORGE ROMERO IMERY,,58784198,ARCADIA PATRICIA SAQUIC YÁC DE YAC,,DIVERSIFICADO,PRIVADO,URBANA,CERRADA TEMPORALMENTE,MONOLINGUE,DOBLE,SABATINO,SOLOLÁ
"07-04-3085-46,07-006,SOLOLA,SANTA LUCIA UTATLAN,COLEGIO Q UMARKAJ,""PARAJE CRUZ B, CANTÓN PAHAJ"",41011018,ARCADIA PATRICIA SAQUIC YÁC DE YAC,,DIVERSIFICADO,PRIVADO,RURAL,ABIERTA,MONOLINGUE,VESPERTINA,DIARIO(REGULAR),SOLOLÁ"
07-05-0053-46,07-007,SOLOLA,NAHUALA,INSTITUTO NACIONAL DE EDUCACION DIVERSIFICADA,1RA. AVENIDA A-062 ZONA 3,30694648,DAVID FERNANDO PAZ LOPEZ,EDWIN ANTONIO IXMATÁ COCOM,DIVERSIFICADO,OFICIAL,URBANA,ABIERTA,MONOLINGUE,VESPERTINA,DIARIO(REGULAR),SOLOLÁ
"07-05-0204-46,07-007,SOLOLA,NAHUALA,""INSTITUTO COMUNITARIO DE CIENCIAS COMERCIALES """"EL ALTIPLANO"""""",CASERÍO CHUANAHUALÁ,52803917,DAVID FERNANDO PAZ LOPEZ,DIEGO VICTOR JAMÍNEZ TUM,DIVERSIFICADO,PRIVADO,RURAL,ABIERTA,MONOLINGUE,MATUTINA,DIARIO(REGULAR),SOLOLÁ"
07-05-0208-46,07-007,SOLOLA,NAHUALA,INSTITUTO DE EDUCACIÓN DIVERSIFICADA POR COOPERATIVA DE ENSEÑANZA,ALDEA PACHUTIQUIM,50449399,DAVID FERNANDO PAZ LOPEZ,ANTONIO ESTEBAN CHOX IXMATÁ,DIVERSIFICADO,COOPERATIVA,RURAL,ABIERTA,MONOLINGUE,VESPERTINA,DIARIO(REGULAR),SOLOLÁ
"07-05-0210-46,07-007,SOLOLA,NAHUALA,""INSTITUTO MIXTO DE EDUCACIÓN DIVERSIFICADA POR COOPERATIVA """"MAYA NA OJ"""""",CANTÓN CHIQUIX,30062219,DAVID FERNANDO PAZ LOPEZ,FELIPE TAMBRIZ TAMBRIZ,DIVERSIFICADO,COOPERATIVA,RURAL,ABIERTA,MONOLINGUE,MATUTINA,DIARIO(REGULAR),SOLOLÁ"
"07-05-0271-46,07-009,SOLOLA,NAHUALA,""CENTRO EDUCATIVO """"SANTIAGO DE LA ASUNCIÓN"""" FE Y ALEGRÍA NO. 51"",ALDEA XEJUYUP,30331256,MANUEL CHOVÓN GUACHIAC,MIGUEL SAC CHOX,DIVERSIFICADO,PRIVADO,RURAL,ABIERTA,MONOLINGUE,VESPERTINA,DIARIO(REGULAR),SOLOLÁ"
07-05-2019-46,07-007,SOLOLA,NAHUALA,INSTITUTO MIXTO OXLAJUJ NOJ,CASERÍO CHUANAHUALÁ,53315919,DAVID FERNANDO PAZ LOPEZ,MANUEL ESQUIPULAS TZOC IXMATÁ,DIVERSIFICADO,PRIVADO,URBANA,ABIERTA,BILINGUE,VESPERTINA,DIARIO(REGULAR),SOLOLÁ
07-05-2022-46,07-007,SOLOLA,NAHUALA,INSTITUTO COMUNITARIO DE CIENCIAS COMERCIALES EL ALTIPLANO,NAHUALA,52803917,DAVID FERNANDO PAZ LOPEZ,,DIVERSIFICADO,PRIVADO,URBANA,ABIERTA,MONOLINGUE,VESPERTINA,DIARIO(REGULAR),SOLOLÁ
07-06-0036-46,07-008,SOLOLA,SANTA CATARINA IXTAHUACAN,INSTITUTO NACIONAL DE EDUCACIÓN DIVERSIFICADA,BARRIO EL CALVARIO,48873442,MAXIMILIANO LÓPEZ CRISTOBAL,-,DIVERSIFICADO,OFICIAL,URBANA,ABIERTA,MONOLINGUE,MATUTINA,DIARIO(REGULAR),SOLOLÁ
07-06-0038-46,07-010,SOLOLA,SANTA CATARINA IXTAHUACAN,INSTITUTO NACIONAL DE EDUCACION DIVERSIFICADA,ALDEA GUINEALES,55077505,MANUEL IXTÓS MÁS,MARÍA ANTONIETA AJPACAJÁ GARCÍA,DIVERSIFICADO,OFICIAL,RURAL,CERRADA TEMPORALMENTE,MONOLINGUE,VESPERTINA,DIARIO(REGULAR),SOLOLÁ
"07-06-0084-46,07-008,SOLOLA,SANTA CATARINA IXTAHUACAN,""ESCUELA NACIONAL DE CIENCIAS COMERCIALES """"DR. JUAN JOSÉ ARÉVALO BERMEJO"""""",ALDEA CHIRIJOX,33239433,MAXIMILIANO LÓPEZ CRISTOBAL,PATRICIA TAMBRIZ Y TAMBRIZ,DIVERSIFICADO,OFICIAL,RURAL,ABIERTA,MONOLINGUE,VESPERTINA,DIARIO(REGULAR),SOLOLÁ"
"07-06-0093-46,07-009,SOLOLA,SANTA CATARINA IXTAHUACAN,""INSTITUTO MIXTO DE EDUCACIÓN DIVERSIFICADA POR COOPERATIVA """"LA PAZ"""""",CASERIO PASAQUIJUYUP,49525467,MANUEL CHOVÓN GUACHIAC,MANUEL GUARCHAJ TZAPUT,DIVERSIFICADO,COOPERATIVA,RURAL,ABIERTA,MONOLINGUE,VESPERTINA,DIARIO(REGULAR),SOLOLÁ"
07-06-0094-46,07-008,SOLOLA,SANTA CATARINA IXTAHUACAN,INSTITUTO MIXTO DE EDUCACIÓN DIVERSIFICADA POR COOPERATIVA,CASERÍO XEABAJ I,53238342,MAXIMILIANO LÓPEZ CRISTOBAL,CRISTOBAL TZEP MÁS,DIVERSIFICADO,COOPERATIVA,RURAL,ABIERTA,MONOLINGUE,VESPERTINA,DIARIO(REGULAR),SOLOLÁ
"07-06-0098-46,07-018,SOLOLA,SANTA CATARINA IXTAHUACAN,""INSTITUTO NACIONAL DE EDUCACIÓN DIVERSIFICADA """"DON PASCUAL TAMBRIZ TZEP"""""",ALDEA LA CEIBA,41044714,IDELFONSO JERÓNIMO AMBROCIO TAMBRIZ,CAFFERY SUSSETTE CARRILLO TZEP,DIVERSIFICADO,OFICIAL,RURAL,ABIERTA,MONOLINGUE,VESPERTINA,DIARIO(REGULAR),SOLOLÁ"
07-06-0099-46,07-008,SOLOLA,SANTA CATARINA IXTAHUACAN,INSTITUTO DIVERSIFICADO NORMAL MIXTO POR COOPERATIVA K AK AQ AB AL,ANTIGUA SANTA CATARINA IXTAHUACAN,41745441,MAXIMILIANO LÓPEZ CRISTOBAL,JUAN ROBERTO AJPACAJÁ GUACHIAC,DIVERSIFICADO,COOPERATIVA,RURAL,ABIERTA,MONOLINGUE,VESPERTINA,DIARIO(REGULAR),SOLOLÁ
"07-06-0101-46,07-018,SOLOLA,SANTA CATARINA IXTAHUACAN,""INSTITUTO NACIONAL DE EDUCACIÓN DIVERSIFICADA """"DON PASCUAL TAMBRIZ TZEP"""""",ALDEA LA CEIBA,41044714,IDELFONSO JERÓNIMO AMBROCIO TAMBRIZ,CAFFERY SUSSETTE CARRILLO TZEP,DIVERSIFICADO,OFICIAL,RURAL,ABIERTA,BILINGUE,VESPERTINA,DIARIO(REGULAR),SOLOLÁ"
07-06-0584-46,07-008,SOLOLA,SANTA CATARINA IXTAHUACAN,INSTITUTO COMUNITARIO PARAISO MAYA,BARRIO CALVARIO,30652376,MAXIMILIANO LÓPEZ CRISTOBAL,,DIVERSIFICADO,PRIVADO,URBANA,ABIERTA,BILINGUE,VESPERTINA,DIARIO(REGULAR),SOLOLÁ
07-07-0013-46,07-016,SOLOLA,SANTA CLARA LA LAGUNA,INSTITUTO NACIONAL DE EDUCACION DIVERSIFICADA,ESCUELA OFICIAL URBANA MIXTA NO. 2,51295695,ENRIQUE RAFAEL CHIYAL TÓ,LUIS ISRAEL QUICHÉ CUMPAR,DIVERSIFICADO,OFICIAL,URBANA,ABIERTA,MONOLINGUE,VESPERTINA,DIARIO(REGULAR),SOLOLÁ
"07-07-0018-46,07-016,SOLOLA,SANTA CLARA LA LAGUNA,CENTRO EDUCATIVO COMUNITARIO (CEDCOM),""2A, AVENIDA 6-24 ZONA 1"",79272004,ENRIQUE RAFAEL CHIYAL TÓ,FRANCISCO ROBERTO RAMIREZ IXMATÁ,DIVERSIFICADO,PRIVADO,URBANA,ABIERTA,MONOLINGUE,VESPERTINA,DIARIO(REGULAR),SOLOLÁ"
07-07-0022-46,07-016,SOLOLA,SANTA CLARA LA LAGUNA,CENTRO EDUCATIVO DE FORMACION INTEGRAL SANTA CLARA -CEFISAC-,BARRIO SAN ANTONIO,51183129,ENRIQUE RAFAEL CHIYAL TÓ,JUAN SAC TUJ,DIVERSIFICADO,PRIVADO,URBANA,ABIERTA,MONOLINGUE,DOBLE,FIN DE SEMANA,SOLOLÁ
07-07-0024-46,07-016,SOLOLA,SANTA CLARA LA LAGUNA,CENTRO EDUCATIVO DE FORMACION INTEGRAL SANTA CLARA -CEFISAC-,BARRIO SAN ANTONIO,51183129,ENRIQUE RAFAEL CHIYAL TÓ,ISRAEL CHOCOJ YAC,DIVERSIFICADO,PRIVADO,URBANA,CERRADA TEMPORALMENTE,MONOLINGUE,DOBLE,DOMINICAL,SOLOLÁ
07-09-0008-46,07-017,SOLOLA,SAN ANDRES SEMETABAJ,CENTRO EDUCATIVO MAYA KIKOTEM,BARRIO TZANJUYU,,JUAN UJPÁN RODENO,GEREMIAS GARCIA SIC,DIVERSIFICADO,PRIVADO,URBANA,CERRADA TEMPORALMENTE,MONOLINGUE,VESPERTINA,DIARIO(REGULAR),SOLOLÁ
07-09-0010-46,07-017,SOLOLA,SAN ANDRES SEMETABAJ,INED INSTITUTO NACIONAL DE EDUCACION DIVERSIFICADA,BARRIO EL CENTRO,56956354,JUAN UJPÁN RODENO,REINALDO PEDRO TACÁN XAMBÁ,DIVERSIFICADO,OFICIAL,URBANA,ABIERTA,BILINGUE,VESPERTINA,DIARIO(REGULAR),SOLOLÁ
07-09-0023-46,07-017,SOLOLA,SAN ANDRES SEMETABAJ,INSTITUTO MIXTO DE EDUCACIÓN DIVERSIFICADA POR COOPERATIVA,ALDEA GODINEZ,53243719,JUAN UJPÁN RODENO,KARINA YAMILETH MALDONADO MURAKAWA,DIVERSIFICADO,COOPERATIVA,RURAL,ABIERTA,MONOLINGUE,VESPERTINA,DIARIO(REGULAR),SOLOLÁ
"07-09-0024-46,07-017,SOLOLA,SAN ANDRES SEMETABAJ,""ESCUELA NORMAL BILINGÜE PRIVADA MIXTA """"KIKOTEN"""""",BARRIO TZANJUYÚ,77221854,JUAN UJPÁN RODENO,IMELDA JANETH BALA UMUL,DIVERSIFICADO,PRIVADO,URBANA,CERRADA TEMPORALMENTE,BILINGUE,VESPERTINA,DIARIO(REGULAR),SOLOLÁ"
"07-09-0025-46,07-017,SOLOLA,SAN ANDRES SEMETABAJ,""ESCUELA NORMAL BILINGÜE PRIVADA MIXTA """"KIKOTEN"""""",BARRIO TZANJUYÚ,77621854,JUAN UJPÁN RODENO,IMELDA JANETH BALA UMUL,DIVERSIFICADO,PRIVADO,URBANA,CERRADA TEMPORALMENTE,MONOLINGUE,VESPERTINA,DIARIO(REGULAR),SOLOLÁ"
07-09-0570-46,07-017,SOLOLA,SAN ANDRES SEMETABAJ,INSTITUTO INDIGENA 'NUESTRA SEÑORA DEL SOCORRO',BARRIO EL CENTRO,77221822,JUAN UJPÁN RODENO,NELY MELINA LÓPEZ RAXTÚN,DIVERSIFICADO,PRIVADO,URBANA,ABIERTA,MONOLINGUE,DOBLE,DIARIO(REGULAR),SOLOLÁ
07-09-2414-46,07-017,SOLOLA,SAN ANDRES SEMETABAJ,ESCUELA NORMAL BILINGUE PRIVADA 'KIKOTEN',BARRIO TZANJUYU,,JUAN UJPÁN RODENO,,DIVERSIFICADO,PRIVADO,URBANA,CERRADA TEMPORALMENTE,BILINGUE,INTERMEDIA,DIARIO(REGULAR),SOLOLÁ
"07-10-0001-46,07-011,SOLOLA,PANAJACHEL,""LICEO EVANGELICO """"EBEN-EZER"""""",0 CALLE 0-22 ZONA 1,77621715,PORFIRIO GEREMIAS PAR CHAVAJAY,MILDRED REBECA HERNÁNDEZ CHÁVEZ,DIVERSIFICADO,PRIVADO,URBANA,ABIERTA,MONOLINGUE,MATUTINA,DIARIO(REGULAR),SOLOLÁ"
07-10-0003-46,07-011,SOLOLA,PANAJACHEL,COLEGIO MIXTO JUAN PABLO II,CALLE DE LOS ARBOLES,77620346,PORFIRIO GEREMIAS PAR CHAVAJAY,LUCIA EUGENIA XON CORADO,DIVERSIFICADO,PRIVADO,URBANA,CERRADA TEMPORALMENTE,MONOLINGUE,MATUTINA,DIARIO(REGULAR),SOLOLÁ
07-10-0007-46,07-011,SOLOLA,PANAJACHEL,INSTITUTO NACIONAL DE EDUCACIÓN DIVERSIFICADA,0 AVENIDA 3-03 ZONA 4,77621417,PORFIRIO GEREMIAS PAR CHAVAJAY,LCDA. NANCY GABRIELA YOXÓN CÚMES,DIVERSIFICADO,OFICIAL,RURAL,ABIERTA,MONOLINGUE,VESPERTINA,DIARIO(REGULAR),SOLOLÁ
07-10-0031-46,07-011,SOLOLA,PANAJACHEL,COLEGIO PRIVADO TECHNICIENCIA DEL LAGO,CALLE PRINCIPAL 0-72 ZONA 2,77620035,PORFIRIO GEREMIAS PAR CHAVAJAY,OLGA YESENIA ROSALES ORDOÑEZ DE PAR,DIVERSIFICADO,PRIVADO,URBANA,ABIERTA,MONOLINGUE,DOBLE,DIARIO(REGULAR),SOLOLÁ
"07-10-0032-46,07-011,SOLOLA,PANAJACHEL,""LICEO EVANGELICO """"EBEN-EZER"""""",0 CALLE 0-22 ZONA 1,77622043,PORFIRIO GEREMIAS PAR CHAVAJAY,MILDRED REBECA HERNÁNDEZ CHÁVEZ,DIVERSIFICADO,PRIVADO,URBANA,ABIERTA,MONOLINGUE,DOBLE,DIARIO(REGULAR),SOLOLÁ"
"07-10-0035-46,07-011,SOLOLA,PANAJACHEL,LICEO DEL LAGO,""4TA. CALLE 3-68, ZONA 2"",77620631,PORFIRIO GEREMIAS PAR CHAVAJAY,SONIA MARITZA ANLEU PÉREZ DE CALDERÓN,DIVERSIFICADO,PRIVADO,URBANA,CERRADA TEMPORALMENTE,MONOLINGUE,VESPERTINA,DIARIO(REGULAR),SOLOLÁ"
"07-10-0036-46,07-011,SOLOLA,PANAJACHEL,LICEO DEL LAGO,""4TA. CALLE 3-68, ZONA 2"",77620631,PORFIRIO GEREMIAS PAR CHAVAJAY,SONIA MARITZA ANLEU PÉREZ DE CALDERÓN,DIVERSIFICADO,PRIVADO,URBANA,CERRADA TEMPORALMENTE,MONOLINGUE,MATUTINA,DIARIO(REGULAR),SOLOLÁ"
07-10-0037-46,07-011,SOLOLA,PANAJACHEL,PANAJACHEL COLEGIO INTERNACIONAL,2DA. AVENIDA (VP) 4-33 ZONA 1,36179676,PORFIRIO GEREMIAS PAR CHAVAJAY,ABNER ISAÍAS SAMINES QUECHÉ,DIVERSIFICADO,PRIVADO,URBANA,ABIERTA,MONOLINGUE,MATUTINA,DIARIO(REGULAR),SOLOLÁ
"07-10-0038-46,07-011,SOLOLA,PANAJACHEL,COLEGIO MIXTO LICEO PANAJACHEL,""CALLE PRINCIPAL FRENTE AL PARQUE MUNICIPAL, ZONA 01"",55693589,PORFIRIO GEREMIAS PAR CHAVAJAY,JUANA XÓN XÓN,DIVERSIFICADO,PRIVADO,URBANA,ABIERTA,MONOLINGUE,DOBLE,FIN DE SEMANA,SOLOLÁ"
07-10-0041-46,07-011,SOLOLA,PANAJACHEL,INSTITUTO NACIONAL DE EDUCACIÓN DIVERSIFICADA,0 AVENIDA 3-03 ZONA 4,77621417,PORFIRIO GEREMIAS PAR CHAVAJAY,NANCY GABRIELA YOXÓN CÚMES,DIVERSIFICADO,OFICIAL,URBANA,ABIERTA,MONOLINGUE,DOBLE,DIARIO(REGULAR),SOLOLÁ
07-10-0043-46,07-011,SOLOLA,PANAJACHEL,COLEGIO POR MADUREZ TIJAX,CALLE PRINCIPAL ZONA 1,55693589,PORFIRIO GEREMIAS PAR CHAVAJAY,JUANA XON XON,DIVERSIFICADO,PRIVADO,URBANA,ABIERTA,MONOLINGUE,SIN JORNADA,SEMIPRESENCIAL (UN DÍA A LA SEMANA),SOLOLÁ
07-10-0701-46,07-011,SOLOLA,PANAJACHEL,COLEGIO SAN FRANCISCO,2A. AVENIDA (V.P.) 1-43 ZONA 1,77626164,PORFIRIO GEREMIAS PAR CHAVAJAY,DIEGO FRANCISCO COSME RECINOS,DIVERSIFICADO,PRIVADO,URBANA,ABIERTA,MONOLINGUE,MATUTINA,DIARIO(REGULAR),SOLOLÁ
"07-10-2418-46,07-011,SOLOLA,PANAJACHEL,""LICEO URRUTIA CEEP, CENTRO EDUCATIVO EXPERIMENTAL Y PROFESIONAL"",1A. CALLE 0-45 ZONA 1,40527345,PORFIRIO GEREMIAS PAR CHAVAJAY,ELENA PATRICIA ORELLANA URRUTIA,DIVERSIFICADO,PRIVADO,URBANA,ABIERTA,MONOLINGUE,MATUTINA,DIARIO(REGULAR),SOLOLÁ"
"07-10-2419-46,07-011,SOLOLA,PANAJACHEL,""LICEO URRUTIA CEEP, CENTRO EDUCATIVO EXPERIMENTAL Y PROFESIONAL"",1A. CALLE 0-45 ZONA 1,40527345,PORFIRIO GEREMIAS PAR CHAVAJAY,ELENA PATRICIA ORELLANA URRUTIA,DIVERSIFICADO,PRIVADO,URBANA,ABIERTA,MONOLINGUE,VESPERTINA,DIARIO(REGULAR),SOLOLÁ"
07-10-2484-46,07-011,SOLOLA,PANAJACHEL,COLEGIO PRIVADO TECHNICIENCIA DEL LAGO,CALLE PRINCIPAL 0-72 ZONA 2,77620035,PORFIRIO GEREMIAS PAR CHAVAJAY,OLGA YESENIA ROSALES ORDÓNEZ,DIVERSIFICADO,PRIVADO,URBANA,ABIERTA,MONOLINGUE,VESPERTINA,DIARIO(REGULAR),SOLOLÁ
07-10-3037-46,07-011,SOLOLA,PANAJACHEL,COLEGIO MIXTO LICEO PANAJACHEL,,55693589,PORFIRIO GEREMIAS PAR CHAVAJAY,,DIVERSIFICADO,PRIVADO,URBANA,ABIERTA,MONOLINGUE,MATUTINA,DOMINICAL,SOLOLÁ
07-10-3038-46,07-011,SOLOLA,PANAJACHEL,COLEGIO MIXTO JUAN PABLO II,CALLE DE LOS ARBOLES,77620346,PORFIRIO GEREMIAS PAR CHAVAJAY,LUCIA EUGENIA XON CORADO,DIVERSIFICADO,PRIVADO,URBANA,ABIERTA,MONOLINGUE,MATUTINA,DIARIO(REGULAR),SOLOLÁ
07-10-3075-46,07-011,SOLOLA,PANAJACHEL,COLEGIO ACADEMIA MULTICULTURAL ATITLAN,1A. AVENIDA 0-68 ZONA 2,77620490,PORFIRIO GEREMIAS PAR CHAVAJAY,LUCÍA EUGENIA XON CORADO,DIVERSIFICADO,PRIVADO,URBANA,ABIERTA,MONOLINGUE,VESPERTINA,DIARIO(REGULAR),SOLOLÁ
07-10-3106-46,07-011,SOLOLA,PANAJACHEL,INSTITUTO COEDUCATIVO DIVERSIFICADO PRIVADO,BARRIO JUCANYA,,PORFIRIO GEREMIAS PAR CHAVAJAY,,DIVERSIFICADO,PRIVADO,URBANA,CERRADA TEMPORALMENTE,MONOLINGUE,INTERMEDIA,DIARIO(REGULAR),SOLOLÁ
07-12-0007-46,07-023,SOLOLA,SAN ANTONIO PALOPO,INSTITUTO NACIONAL DE EDUCACIÓN DIVERSIFICADA-INED-,ALDEA AGUA ESCONDIDA,31869860,EDWIN WILFREDO AJCALÓN YAXÓN,ALEX NEHEMÍAS SACUJ MORALES,DIVERSIFICADO,OFICIAL,RURAL,ABIERTA,MONOLINGUE,VESPERTINA,DIARIO(REGULAR),SOLOLÁ
07-13-0016-46,07-030,SOLOLA,SAN LUCAS TOLIMAN,INSTITUTO NACIONAL DE EDUCACIÓN DIVERSIFICADA,AVENIDA PAVARROTTI FINAL,50181471,ABRAHAM ALBERTO COSIGUA MEJIA,EDGAR ROLANDO URIZAR LEC,DIVERSIFICADO,OFICIAL,URBANA,ABIERTA,MONOLINGUE,VESPERTINA,DIARIO(REGULAR),SOLOLÁ
07-13-0027-46,07-030,SOLOLA,SAN LUCAS TOLIMAN,CENTRO DE ESTUDIOS AVANZADOS,3AV. 5-75 ZONA 1 CALZADA LA PAZ,77220700,ABRAHAM ALBERTO COSIGUA MEJIA,---,DIVERSIFICADO,PRIVADO,URBANA,ABIERTA,MONOLINGUE,VESPERTINA,DIARIO(REGULAR),SOLOLÁ
07-13-0028-46,07-030,SOLOLA,SAN LUCAS TOLIMAN,CENTRO DE ESTUDIOS AVANZADOS,3AV. 5-75 ZONA 1 CALZADA LA PAZ,77220700,ABRAHAM ALBERTO COSIGUA MEJIA,---,DIVERSIFICADO,PRIVADO,URBANA,ABIERTA,MONOLINGUE,MATUTINA,DIARIO(REGULAR),SOLOLÁ
07-13-0029-46,07-030,SOLOLA,SAN LUCAS TOLIMAN,CENTRO DE ESTUDIOS AVANZADOS,3AV. 5-75 ZONA 1 CALZADA LA PAZ,77220700,ABRAHAM ALBERTO COSIGUA MEJIA,---,DIVERSIFICADO,PRIVADO,URBANA,ABIERTA,MONOLINGUE,DOBLE,FIN DE SEMANA,SOLOLÁ
07-13-0037-46,07-030,SOLOLA,SAN LUCAS TOLIMAN,CENTRO EDUCATIVO SANTO DOMINGO,5TA. CALLE 6-79 ZONA 1,77220266,ABRAHAM ALBERTO COSIGUA MEJIA,JORGE HUMBERTO VÉLIZ NAVICHOC,DIVERSIFICADO,PRIVADO,URBANA,ABIERTA,MONOLINGUE,NOCTURNA,DIARIO(REGULAR),SOLOLÁ
07-13-0038-46,07-030,SOLOLA,SAN LUCAS TOLIMAN,CENTRO EDUCATIVO SANTO DOMINGO,5TA. CALLE 6-79 ZONA 1,77220266,ABRAHAM ALBERTO COSIGUA MEJIA,JORGE HUMBERTO VÉLIZ NAVICHOC,DIVERSIFICADO,PRIVADO,URBANA,ABIERTA,MONOLINGUE,VESPERTINA,DIARIO(REGULAR),SOLOLÁ
07-13-0046-46,07-030,SOLOLA,SAN LUCAS TOLIMAN,INSTITUTO MIXTO DE EDUCACIÓN DIVERSIFICADA POR COOPERATIVA,PARCELAMIENTO PAMPOJILA,58900781,ABRAHAM ALBERTO COSIGUA MEJIA,GERARDO MORALES CUJ,DIVERSIFICADO,COOPERATIVA,RURAL,ABIERTA,MONOLINGUE,VESPERTINA,DIARIO(REGULAR),SOLOLÁ
07-13-0331-46,07-030,SOLOLA,SAN LUCAS TOLIMAN,ESCUELA NACIONAL DE CIENCIAS COMERCIALES 'CARLOTA RAPHAEL DE DIAZ',5A. CALLE 5-65 ZONA 1,77220200,ABRAHAM ALBERTO COSIGUA MEJIA,JUAN AUSTREBERTO JUÁREZ ORDOÑEZ,DIVERSIFICADO,OFICIAL,URBANA,ABIERTA,MONOLINGUE,VESPERTINA,DIARIO(REGULAR),SOLOLÁ
07-13-2708-46,07-030,SOLOLA,SAN LUCAS TOLIMAN,COLEGIO INTEGRAL TOLIMAN,7A. AVENIDA 1-58 ZONA 1,77930645,ABRAHAM ALBERTO COSIGUA MEJIA,CRÚZ MENDOZA YAXÓN,DIVERSIFICADO,PRIVADO,URBANA,ABIERTA,BILINGUE,VESPERTINA,DIARIO(REGULAR),SOLOLÁ
07-13-2799-46,07-022,SOLOLA,SAN LUCAS TOLIMAN,INSTITUTO EDUCATIVO TULAN,PARCELAMIENTO PAMPOJILA,,ANGEL ARMENIO LETONA GALINDO,,DIVERSIFICADO,PRIVADO,RURAL,CERRADA TEMPORALMENTE,MONOLINGUE,DOBLE,DOMINICAL,SOLOLÁ
07-13-2869-46,07-030,SOLOLA,SAN LUCAS TOLIMAN,CENTRO EDUCATIVO SANTO DOMINGO,5TA. CALLE 6-79 ZONA 1,77220266,ABRAHAM ALBERTO COSIGUA MEJIA,JORGE HUMBERTO VÉLIZ NAVICHOC,DIVERSIFICADO,PRIVADO,URBANA,ABIERTA,MONOLINGUE,DOBLE,FIN DE SEMANA,SOLOLÁ
07-15-0005-46,07-021,SOLOLA,SAN PABLO LA LAGUNA,INSTITUTO NACIONAL DE EDUCACION DIVERSIFICADA,2DA. AVENIDA 4-60 ZONA 2,35310445,ADA LORENA HERNÁNDEZ AGUILAR,---,DIVERSIFICADO,OFICIAL,URBANA,ABIERTA,MONOLINGUE,VESPERTINA,DIARIO(REGULAR),SOLOLÁ
07-15-0012-46,07-021,SOLOLA,SAN PABLO LA LAGUNA,CENTRO EDUCATIVO COMUNITARIO DE FORMACIÓN INTEGRAL SAN PABLO,3RA AVENIDA 1-68 ZONA 1,52665797,ADA LORENA HERNÁNDEZ AGUILAR,IRTMA BEDALIA RATZAN QUIACAIN,DIVERSIFICADO,PRIVADO,URBANA,ABIERTA,MONOLINGUE,DOBLE,FIN DE SEMANA,SOLOLÁ
"07-16-0004-46,07-021,SOLOLA,SAN MARCOS LA LAGUNA,""INSTITUTO TECNOLOGICO COMUNITARIO MARQUENSE """"ITCOM"""""",SAN MARCOS LA LAGUNA,57274128,ADA LORENA HERNÁNDEZ AGUILAR,VICTOR QUICHÉ AJCHÉ,DIVERSIFICADO,PRIVADO,URBANA,CERRADA TEMPORALMENTE,MONOLINGUE,VESPERTINA,DIARIO(REGULAR),SOLOLÁ"
07-17-0012-46,07-028,SOLOLA,SAN JUAN LA LAGUNA,INSTITUTO NACIONAL DE EDUCACION DIVERSIFICADA,0 CALLE A CANTON XE KAQASIIWAAN ZONA 1,54120573,AMARILIS EVELYN SALANIC SAC,FRANCISCO JAVIER UJPÁN HERNÁNDEZ,DIVERSIFICADO,OFICIAL,URBANA,ABIERTA,MONOLINGUE,MATUTINA,DIARIO(REGULAR),SOLOLÁ
07-17-0027-46,07-028,SOLOLA,SAN JUAN LA LAGUNA,LICEO SISTEMATICO INTEGRAL -LISI-,CANTON CHI NIMAYA,47363428,AMARILIS EVELYN SALANIC SAC,PEDRO SANTIAGO CUC CHOLOTÍO,DIVERSIFICADO,PRIVADO,RURAL,ABIERTA,MONOLINGUE,MATUTINA,DIARIO(REGULAR),SOLOLÁ
07-17-0028-46,07-028,SOLOLA,SAN JUAN LA LAGUNA,INSTITUTO NACIONAL DE EDUCACIÓN DIVERSIFICADA,0 CALLE A CANTON XE KAQASIIWAAN ZONA 1,54120573,AMARILIS EVELYN SALANIC SAC,FRANCISCO JAVIER UJPÁN HERNÁNDEZ,DIVERSIFICADO,OFICIAL,URBANA,ABIERTA,MONOLINGUE,DOBLE,DIARIO(REGULAR),SOLOLÁ
"07-17-2619-46,07-028,SOLOLA,SAN JUAN LA LAGUNA,""CENTRO EDUCATIVO INTEGRAL MAYA TZ'UTUJIL """"OSCAR AZMITIA"""""",CANTÓN PANOXTI,58324172,AMARILIS EVELYN SALANIC SAC,-,DIVERSIFICADO,PRIVADO,URBANA,ABIERTA,MONOLINGUE,VESPERTINA,DIARIO(REGULAR),SOLOLÁ"
07-17-3023-46,07-013,SOLOLA,SAN JUAN LA LAGUNA,LICEO SISTEMATICO INTEGRAL LISI,COLONIA NUEVA ESPERANZA,58050639,MANUEL EDUARDO CHOLOTIO COCHE,LUCAS CHOLOTIO PEREZ,DIVERSIFICADO,PRIVADO,URBANA,CERRADA TEMPORALMENTE,MONOLINGUE,INTERMEDIA,DIARIO(REGULAR),SOLOLÁ
07-18-0008-46,07-013,SOLOLA,SAN PEDRO LA LAGUNA,INSTITUTO NACIONAL DE EDUCACION DIVERSIFICADA,4A. AVENIDA D 5-35 ZONA 2 CANTÓN CHUACANTÉ,54844813,MANUEL EDUARDO CHOLOTIO COCHE,JUAN NORBERTO GONZÁLEZ YOJCOM,DIVERSIFICADO,OFICIAL,URBANA,ABIERTA,MONOLINGUE,MATUTINA,DIARIO(REGULAR),SOLOLÁ
07-18-0017-46,07-013,SOLOLA,SAN PEDRO LA LAGUNA,COLEGIO EVANGELICO BILINGUE HOLANDES,SAN PEDRO LA LAGUNA,59601419,MANUEL EDUARDO CHOLOTIO COCHE,ERWIN DANIEL UJPÁN UJPÁN,DIVERSIFICADO,PRIVADO,URBANA,ABIERTA,MONOLINGUE,MATUTINA,DIARIO(REGULAR),SOLOLÁ
"07-18-0019-46,07-013,SOLOLA,SAN PEDRO LA LAGUNA,""COLEGIO PRE-UNIVERSITARIO """"DANIEL CAMPA ROSALES"""""",2DA AVENIDA 1-52 ZONA 4,57171223,MANUEL EDUARDO CHOLOTIO COCHE,MIGUEL ÁNGEL SUNU CORTEZ,DIVERSIFICADO,PRIVADO,URBANA,CERRADA TEMPORALMENTE,MONOLINGUE,VESPERTINA,DIARIO(REGULAR),SOLOLÁ"
07-18-0020-46,07-013,SOLOLA,SAN PEDRO LA LAGUNA,COLEGIO PRE- UNIVERSITARIO DANIEL CAMPA ROSALES,2DA. AVENIDA 1-52 ZONA 4,57171223,MANUEL EDUARDO CHOLOTIO COCHE,ANDRES MOISES CHIPIR POP,DIVERSIFICADO,PRIVADO,URBANA,CERRADA TEMPORALMENTE,MONOLINGUE,MATUTINA,DIARIO(REGULAR),SOLOLÁ
07-18-0022-46,07-013,SOLOLA,SAN PEDRO LA LAGUNA,COLEGIO DE FORMACIÓN TECNOLÓGICA,7A. AVENIDA 2-20 ZONA 2,77218193,MANUEL EDUARDO CHOLOTIO COCHE,ONELIA EVARISTA POP PÉREZ,DIVERSIFICADO,PRIVADO,URBANA,ABIERTA,MONOLINGUE,MATUTINA,VIRTUAL A DISTANCIA,SOLOLÁ
"07-18-0026-46,07-013,SOLOLA,SAN PEDRO LA LAGUNA,COLEGIO PRIVADO EVANGÉLICO BETHEL,""6A. AVENIDA """"A"""" 4-44 ZONA 2"",47402226,MANUEL EDUARDO CHOLOTIO COCHE,ESDRAS SAMUEL MEJÍA QUEJÚ,DIVERSIFICADO,PRIVADO,URBANA,ABIERTA,MONOLINGUE,MATUTINA,DIARIO(REGULAR),SOLOLÁ"
"07-18-0027-46,07-013,SOLOLA,SAN PEDRO LA LAGUNA,COLEGIO PRIVADO EVANGÉLICO BETHEL,""6A. AVENIDA """"A"""" 4-44, ZONA 2"",47402226,MANUEL EDUARDO CHOLOTIO COCHE,ESDRAS SAMUEL MEJÍA QUEJÚ,DIVERSIFICADO,PRIVADO,URBANA,ABIERTA,MONOLINGUE,DOBLE,DIARIO(REGULAR),SOLOLÁ"
07-18-1992-46,07-013,SOLOLA,SAN PEDRO LA LAGUNA,CENTRO EDUCATIVO COMUNITARIO TZ'UTUJIL,6A. AVENIDA 6-39 ZONA 3 CANTON CHUASANAHI,42207299,MANUEL EDUARDO CHOLOTIO COCHE,,DIVERSIFICADO,PRIVADO,URBANA,ABIERTA,MONOLINGUE,VESPERTINA,DIARIO(REGULAR),SOLOLÁ
"07-18-3112-46,07-013,SOLOLA,SAN PEDRO LA LAGUNA,INSTITUTO MIXTO DE EDUCACION BASICA Y DIVERSIFICADO POR COOPERATIVA LUISA Y BENJAMIN PAUL,""6A. AVENIDA 6-39 ZONA 3, CANTÓN CHUASANAHÍ"",77218343,MANUEL EDUARDO CHOLOTIO COCHE,HUGO DIEGO TUCH PETZEY,DIVERSIFICADO,COOPERATIVA,URBANA,ABIERTA,MONOLINGUE,MATUTINA,DIARIO(REGULAR),SOLOLÁ"
07-19-0019-46,07-015,SOLOLA,SANTIAGO ATITLAN,INSTITUTO NACIONAL DE EDUCACION DIVERSIFICADA,CANTON PANUL,77217729,JUAN POP CHAVAJAY,SANTIAGO SISAY SAPALÚ,DIVERSIFICADO,OFICIAL,URBANA,ABIERTA,MONOLINGUE,VESPERTINA,DIARIO(REGULAR),SOLOLÁ
"07-19-0032-46,07-015,SOLOLA,SANTIAGO ATITLAN,""INSTITUTO DE EDUCACION DIVERSIFICADA POR COOPERATIVA ATITLAN """"CEDUCA"""""",CANTON XECHIVOY,77217024,JUAN POP CHAVAJAY,PEDRO MENDOZA IXBALAN,DIVERSIFICADO,COOPERATIVA,URBANA,ABIERTA,BILINGUE,VESPERTINA,DIARIO(REGULAR),SOLOLÁ"
07-19-0034-46,07-015,SOLOLA,SANTIAGO ATITLAN,LICEO CRISTIANO ISRAELÍ,CANTON TZANJUYU,77217261,JUAN POP CHAVAJAY,PEDRO SOSOF QUIEJÚ,DIVERSIFICADO,PRIVADO,URBANA,ABIERTA,MONOLINGUE,VESPERTINA,DIARIO(REGULAR),SOLOLÁ
07-19-0035-46,07-015,SOLOLA,SANTIAGO ATITLAN,LICEO TECNOLOGICO BILINGUE,CANTON XECHIVOY,77217118,JUAN POP CHAVAJAY,ANA WALQUIRIA VILLAGRAN ORDONEZ,DIVERSIFICADO,PRIVADO,RURAL,CERRADA TEMPORALMENTE,MONOLINGUE,MATUTINA,DIARIO(REGULAR),SOLOLÁ
07-19-0036-46,07-015,SOLOLA,SANTIAGO ATITLAN,LICEO TECNOLOGICO BILINGUE,CANTON XECHIVOY,77217118,JUAN POP CHAVAJAY,GABRIEL FELIPE MENDEZ GUTIERREZ,DIVERSIFICADO,PRIVADO,URBANA,CERRADA TEMPORALMENTE,MONOLINGUE,VESPERTINA,DIARIO(REGULAR),SOLOLÁ
07-19-0051-46,07-015,SOLOLA,SANTIAGO ATITLAN,LICEO INTEGRAL SANTIAGUITO -LINSA-,CANTON PACHICHAJ,77217550,JUAN POP CHAVAJAY,GASPAR REANDA PABLO,DIVERSIFICADO,PRIVADO,URBANA,ABIERTA,MONOLINGUE,VESPERTINA,DIARIO(REGULAR),SOLOLÁ
07-19-0060-46,07-015,SOLOLA,SANTIAGO ATITLAN,INSTITUTO MIXTO DE EDUCACIÓN DIVERSIFICADA POR COOPERATIVA,ALDEA CERRO DE ORO,49945006,JUAN POP CHAVAJAY,VICTOR BARAN GUOZ,DIVERSIFICADO,COOPERATIVA,RURAL,CERRADA TEMPORALMENTE,MONOLINGUE,VESPERTINA,DIARIO(REGULAR),SOLOLÁ
07-19-0065-46,07-015,SOLOLA,SANTIAGO ATITLAN,ESCUELA NORMAL BILINGÜE INTERCULTURAL / KITIJOB'AL TIJOONELAA' TZ'UTUJILAA',COMUNIDAD CHUKMUK,58165683,JUAN POP CHAVAJAY,JOSÉ MIGUEL POP TZINÁ,DIVERSIFICADO,OFICIAL,RURAL,ABIERTA,MONOLINGUE,MATUTINA,DIARIO(REGULAR),SOLOLÁ
07-19-2701-46,07-015,SOLOLA,SANTIAGO ATITLAN,CENTRO EDUCATIVO COMUNITARIO ATITLAN 'CEDUCA',CANTON XECHIVOY,,JUAN POP CHAVAJAY,,DIVERSIFICADO,PRIVADO,URBANA,CERRADA TEMPORALMENTE,BILINGUE,VESPERTINA,DIARIO(REGULAR),SOLOLÁ
07-19-2765-46,07-015,SOLOLA,SANTIAGO ATITLAN,ESCUELA NORMAL BILINGUE INTERCULTURAL / KITIJOB'AL TIJOONELAA' TZ'UTUJILAA',COMUNIDAD DE CHUKMUK,58165683,JUAN POP CHAVAJAY,JOSÉ MIGUEL POP TZINÁ,DIVERSIFICADO,OFICIAL,RURAL,ABIERTA,BILINGUE,DOBLE,DIARIO(REGULAR),SOLOLÁ
,,,,,,,,,,,,,,,,
140 Establecimientos encontrados ,,,,,,,,,,,,,,,,
